{"mse-test-set": 25.84505514655709, "mae-test-set": 0.055435579385239776, "exec-time": 0.0040175610047299415}