{"execution-time": 6422.213537066942, "best-training-loss": 1.5557835261027018, "executed-for-epochs": 1000, "test-loss": 8.883819580078125, "validation-loss": 8.883819580078125}