{"mse-test-set": 10.185255751894212, "mae-test-set": 0.030431186737588736, "exec-time": 2.1452245019900147}