{"mse-test-set": 15.945174692929086, "mae-test-set": 0.056500998287447396, "exec-time": 0.002727094994043}