{"mse-test-set": 3.9354123213879104, "mae-test-set": 0.05827985388844168, "exec-time": 0.0028535489982459694}