{"execution-time": 8781.597069907002, "best-training-loss": 1.249764084815979, "executed-for-epochs": 1000, "test-loss": 4.641214370727539, "validation-loss": 4.641214370727539}