{"mse-test-set": 36.462429424863814, "mae-test-set": 0.05319412887043093, "exec-time": 3.2041867609950714}