{"mse-test-set": 5.509915109608354, "mae-test-set": 0.03528994583983343, "exec-time": 0.9379570649907691}