{"mse-test-set": 6.060909546002846, "mae-test-set": 0.03346916334382137, "exec-time": 0.9231396679970203}