{"mse-test-set": 6.942955557478474, "mae-test-set": 0.03779009260723942, "exec-time": 0.7833559489954496}