{"mse-test-set": 14.223098512529507, "mae-test-set": 0.03242505459357827, "exec-time": 0.0014866879937471822}