{"mse-test-set": 9.036395951190203, "mae-test-set": 0.05227336829181701, "exec-time": 3.109044997007004}