{"mse-test-set": 41.80421230922936, "mae-test-set": 0.05371675379785426, "exec-time": 3.1408718259917805}