{"mse-test-set": 9.55357447624135, "mae-test-set": 0.026748105101125835, "exec-time": 0.9994248650036752}