{"mse-test-set": 8.500396245281797, "mae-test-set": 0.05622163807479067, "exec-time": 0.6468509010010166}