{"mse-test-set": 13.678046063346256, "mae-test-set": 0.058769627007470474, "exec-time": 3.2587100099917734}