{"execution-time": 9179.748298359104, "best-training-loss": 1.9157392819722494, "executed-for-epochs": 1000, "test-loss": 13.201896667480469, "validation-loss": 13.201896667480469}