{"mse-test-set": 12.575034036398211, "mae-test-set": 0.04776510639588401, "exec-time": 0.8872097739949822}