{"mse-test-set": 23.17643291501823, "mae-test-set": 0.05132220404426778, "exec-time": 0.8819559809926432}