{"mse-test-set": 11.156078282668943, "mae-test-set": 0.056327245463628724, "exec-time": 3.190605626994511}