{"mse-test-set": 4.936878153604064, "mae-test-set": 0.06374953678128926, "exec-time": 1.4972969730006298}