{"execution-time": 6369.644555673003, "best-training-loss": 1.1032327612241108, "executed-for-epochs": 1000, "test-loss": 4.18442964553833, "validation-loss": 4.18442964553833}