{"mse-test-set": 67.98676854326726, "mae-test-set": 0.08392687081285077, "exec-time": 0.9918701139977202}