{"mse-test-set": 19.29457625782436, "mae-test-set": 0.05510818972331837, "exec-time": 3.2104781810048735}