{"mse-test-set": 12.538882211920118, "mae-test-set": 0.05666962948368415, "exec-time": 0.0026855320029426366}