{"execution-time": 3789.343467361992, "best-training-loss": 0.7816091974576315, "executed-for-epochs": 1000, "test-loss": 1.2943490743637085, "validation-loss": 1.2943490743637085}