{"mse-test-set": 14.574648878134951, "mae-test-set": 0.050096878805142055, "exec-time": 0.8477089230000274}