{"mse-test-set": 12.358082785197311, "mae-test-set": 0.055978244487630446, "exec-time": 0.8150417819997529}