{"mse-test-set": 9.244750864721016, "mae-test-set": 0.05811846123678249, "exec-time": 0.004073094998602755}