{"execution-time": 4239.351112441975, "best-training-loss": 1.1170505711010523, "executed-for-epochs": 1000, "test-loss": 4.150668621063232, "validation-loss": 4.150668621063232}