{"mse-test-set": 102.38478809299745, "mae-test-set": 0.07787979856550263, "exec-time": 0.605031343002338}