{"mse-test-set": 61.67725551070592, "mae-test-set": 0.04357690687628089, "exec-time": 1.3472318760032067}