{"mse-test-set": 12.804347910586628, "mae-test-set": 0.04546523745511386, "exec-time": 0.003518704994348809}