{"mse-test-set": 35.33728244181284, "mae-test-set": 0.02722685736603629, "exec-time": 0.5556709310039878}