{"mse-test-set": 6.386812455506682, "mae-test-set": 0.03621129922218316, "exec-time": 0.0013252759963506833}