{"mse-test-set": 35.603355537064836, "mae-test-set": 0.04684462349877256, "exec-time": 0.0027565239870455116}