{"execution-time": 8429.218799141003, "best-training-loss": 0.6337260564168294, "executed-for-epochs": 1000, "test-loss": 3.213914394378662, "validation-loss": 3.213914394378662}