{"execution-time": 6755.265764142969, "best-training-loss": 0.8016747964753045, "executed-for-epochs": 1000, "test-loss": 2.505058526992798, "validation-loss": 2.505058526992798}