{"execution-time": 11274.0438427279, "best-training-loss": 1.391017214457194, "executed-for-epochs": 1000, "test-loss": 7.692046165466309, "validation-loss": 7.692046165466309}