{"mse-test-set": 12.866286470067632, "mae-test-set": 0.054965829022486, "exec-time": 0.8900003469898365}