{"execution-time": 3079.5310130839935, "best-training-loss": 0.7153667211532593, "executed-for-epochs": 1000, "test-loss": 2.335803747177124, "validation-loss": 2.335803747177124}