{"mse-test-set": 55.52701752588089, "mae-test-set": 0.0529984762091875, "exec-time": 1.3961939669970889}