{"mse-test-set": 17.322061817146015, "mae-test-set": 0.05315091775470286, "exec-time": 3.2214617440040456}