{"mse-test-set": 20.314397708494216, "mae-test-set": 0.08221745091771936, "exec-time": 3.13436550500046}