{"mse-test-set": 54.866342084162525, "mae-test-set": 0.05356608883079679, "exec-time": 0.003508747002342716}