{"mse-test-set": 13.568387920624927, "mae-test-set": 0.05619374121640304, "exec-time": 0.0031581980001647025}