{"execution-time": 6289.69793703605, "best-training-loss": 0.8278387506802877, "executed-for-epochs": 1000, "test-loss": 2.4115917682647705, "validation-loss": 2.4115917682647705}