{"mse-test-set": 16.974228372167186, "mae-test-set": 0.02700314607380864, "exec-time": 0.9239841259986861}