{"execution-time": 6333.7700756429695, "best-training-loss": 1.1736317038536073, "executed-for-epochs": 1000, "test-loss": 5.459807395935059, "validation-loss": 5.459807395935059}