{"mse-test-set": 23.817089134566245, "mae-test-set": 0.056410279543020254, "exec-time": 0.003320909003377892}