{"mse-test-set": 22.724687146737654, "mae-test-set": 0.05950965343036047, "exec-time": 1.2795202929992229}