{"mse-test-set": 3.284946746817819, "mae-test-set": 0.03863397528732203, "exec-time": 3.125198540990823}