{"mse-test-set": 42.96545186343345, "mae-test-set": 0.05189538220926859, "exec-time": 0.0026555590011412278}