{"mse-test-set": 15.037673388027383, "mae-test-set": 0.07189675271576584, "exec-time": 0.7931148339994252}