{"mse-test-set": 26.874243801193, "mae-test-set": 0.057690876552607386, "exec-time": 1.1726501040102448}