{"mse-test-set": 27.60700853912746, "mae-test-set": 0.06033809224211766, "exec-time": 1.2632816250115866}