{"execution-time": 4019.578324035043, "best-training-loss": 0.786223658493587, "executed-for-epochs": 1000, "test-loss": 2.0419578552246094, "validation-loss": 2.0419578552246094}