{"execution-time": 11632.065827261074, "best-training-loss": 1.4289204676946003, "executed-for-epochs": 1000, "test-loss": 6.1699981689453125, "validation-loss": 6.1699981689453125}