{"execution-time": 11650.916010405985, "best-training-loss": 1.8468908150990804, "executed-for-epochs": 1000, "test-loss": 10.48210620880127, "validation-loss": 10.48210620880127}