{"mse-test-set": 2.1585039641300274, "mae-test-set": 0.03357989614470798, "exec-time": 0.0017794949962990358}