{"execution-time": 9009.75777228002, "best-training-loss": 1.369181180000305, "executed-for-epochs": 1000, "test-loss": 7.0219879150390625, "validation-loss": 7.0219879150390625}