{"execution-time": 10999.732181646978, "best-training-loss": 0.6622887333234151, "executed-for-epochs": 1000, "test-loss": 1.5731490850448608, "validation-loss": 1.5731490850448608}