{"execution-time": 6141.594065874, "best-training-loss": 0.6884369810422262, "executed-for-epochs": 1000, "test-loss": 3.134948968887329, "validation-loss": 3.134948968887329}