{"mse-test-set": 20.142417564051712, "mae-test-set": 0.06735454155340138, "exec-time": 3.1261073110072175}