{"execution-time": 11605.073389769997, "best-training-loss": 2.575094636281331, "executed-for-epochs": 1000, "test-loss": 26.098312377929688, "validation-loss": 26.098312377929688}