{"execution-time": 6761.504057670012, "best-training-loss": 1.1027861475944518, "executed-for-epochs": 1000, "test-loss": 3.489262580871582, "validation-loss": 3.489262580871582}