{"execution-time": 8365.805758008966, "best-training-loss": 0.6836766362190246, "executed-for-epochs": 1000, "test-loss": 2.9890923500061035, "validation-loss": 2.9890923500061035}