{"mse-test-set": 61.870052147488884, "mae-test-set": 0.08116454905092212, "exec-time": 3.2154485039936844}