{"mse-test-set": 7.552895296675162, "mae-test-set": 0.05387312869026139, "exec-time": 0.6215562650031643}