{"mse-test-set": 8.609541174944727, "mae-test-set": 0.04328220132496108, "exec-time": 0.006219745991984382}