{"mse-test-set": 21.714956855662397, "mae-test-set": 0.048127775876155146, "exec-time": 0.002584236004622653}