{"mse-test-set": 10.842257723822154, "mae-test-set": 0.06082299049107741, "exec-time": 0.002696316994843073}