{"mse-test-set": 22.42594290624333, "mae-test-set": 0.06350753918820659, "exec-time": 1.811965793996933}