{"mse-test-set": 23.300289991668752, "mae-test-set": 0.054324311650326036, "exec-time": 0.004108577995793894}