{"mse-test-set": 3.2807730111685065, "mae-test-set": 0.03844332669638649, "exec-time": 3.2710478529916145}