{"execution-time": 6491.687458430999, "best-training-loss": 0.9380884091059367, "executed-for-epochs": 1000, "test-loss": 6.823850631713867, "validation-loss": 6.823850631713867}