{"mse-test-set": 15.697253330887532, "mae-test-set": 0.053073128880819324, "exec-time": 0.002796129003399983}