{"execution-time": 6235.490484124981, "best-training-loss": 0.8023681720097859, "executed-for-epochs": 1000, "test-loss": 4.036774158477783, "validation-loss": 4.036774158477783}