{"mse-test-set": 56.79912375181878, "mae-test-set": 0.039766002274372034, "exec-time": 3.6571065390016884}