{"execution-time": 11938.161361629958, "best-training-loss": 2.449728568394979, "executed-for-epochs": 1000, "test-loss": 23.44359016418457, "validation-loss": 23.44359016418457}