{"execution-time": 1786.1024946469115, "best-training-loss": 1.0497476160526276, "executed-for-epochs": 1000, "test-loss": 2.2922110557556152, "validation-loss": 2.2922110557556152}