{"execution-time": 7743.106142785982, "best-training-loss": 1.1619001229604085, "executed-for-epochs": 1000, "test-loss": 6.150167465209961, "validation-loss": 6.150167465209961}