{"mse-test-set": 4.314880612958104, "mae-test-set": 0.04758779591475153, "exec-time": 0.0028182949899928644}