{"mse-test-set": 20.11600736289685, "mae-test-set": 0.03891362393986563, "exec-time": 0.6012337709980784}