{"mse-test-set": 18.705482179362573, "mae-test-set": 0.06478896131745412, "exec-time": 0.29814223300490994}