{"execution-time": 6055.1986763429595, "best-training-loss": 0.442119958003362, "executed-for-epochs": 1000, "test-loss": 0.7198153138160706, "validation-loss": 0.7198153138160706}