{"mse-test-set": 2.8318282489889115, "mae-test-set": 0.026798588037090502, "exec-time": 1.8683815529948333}