{"mse-test-set": 23.38657478298999, "mae-test-set": 0.0537689209702975, "exec-time": 0.8035427760041784}