{"mse-test-set": 29.93690870876809, "mae-test-set": 0.06217360591280289, "exec-time": 0.003606054000556469}