{"execution-time": 8802.827078689006, "best-training-loss": 1.0245344400405885, "executed-for-epochs": 1000, "test-loss": 6.866628646850586, "validation-loss": 6.866628646850586}