{"mse-test-set": 32.99072983547657, "mae-test-set": 0.059166105471227, "exec-time": 0.003559015996870585}