{"mse-test-set": 27.31322144526405, "mae-test-set": 0.057117535563084576, "exec-time": 3.286120426011621}