{"execution-time": 1450.0610783409793, "best-training-loss": 0.917725682258606, "executed-for-epochs": 1000, "test-loss": 1.9421454668045044, "validation-loss": 1.9421454668045044}