{"mse-test-set": 117.94481251488239, "mae-test-set": 0.07033884280154677, "exec-time": 3.2064620980090695}