{"execution-time": 9105.789887081017, "best-training-loss": 1.7744552850723267, "executed-for-epochs": 1000, "test-loss": 14.872591972351074, "validation-loss": 14.872591972351074}