{"mse-test-set": 18.62732167833217, "mae-test-set": 0.0529051983014659, "exec-time": 0.8912756759964395}