{"mse-test-set": 4.470155790748387, "mae-test-set": 0.02874030616222934, "exec-time": 2.0322118010080885}