{"mse-test-set": 13.360767291992293, "mae-test-set": 0.05545496781362963, "exec-time": 0.7780482020025374}