{"mse-test-set": 2.420418339707454, "mae-test-set": 0.03237210229498503, "exec-time": 2.3837639020057395}