{"mse-test-set": 60.93710484885281, "mae-test-set": 0.05440997172202036, "exec-time": 3.1731700569944223}