{"mse-test-set": 28.624304748805866, "mae-test-set": 0.0645515352002851, "exec-time": 3.30618317599874}