{"mse-test-set": 6.40175991269763, "mae-test-set": 0.027899474588527078, "exec-time": 1.60221479399479}