{"mse-test-set": 7.449597292196598, "mae-test-set": 0.05526760752678899, "exec-time": 0.0027774059999501333}