{"mse-test-set": 3.203527914270696, "mae-test-set": 0.041276123237951164, "exec-time": 1.003927608995582}