{"mse-test-set": 8.620468681053532, "mae-test-set": 0.0459891985022677, "exec-time": 3.1688308119919384}