{"mse-test-set": 21.319156118894455, "mae-test-set": 0.034541528644532304, "exec-time": 0.930640509002842}