{"mse-test-set": 10.151694177311358, "mae-test-set": 0.04539456710433339, "exec-time": 3.2337181529874215}