{"execution-time": 11012.568883661996, "best-training-loss": 0.9598656018575032, "executed-for-epochs": 1000, "test-loss": 3.8295273780822754, "validation-loss": 3.8295273780822754}