{"execution-time": 7445.4798197899945, "best-training-loss": 0.8732863148053487, "executed-for-epochs": 1000, "test-loss": 8.959444046020508, "validation-loss": 8.959444046020508}