{"mse-test-set": 16.604871845583986, "mae-test-set": 0.06646425772529904, "exec-time": 3.1412828380125575}