{"mse-test-set": 3.8753512057235566, "mae-test-set": 0.030021064363641495, "exec-time": 0.7637045519950334}