{"mse-test-set": 10.91017997108202, "mae-test-set": 0.07737134225683329, "exec-time": 0.0026896649942500517}