{"execution-time": 11538.012561426032, "best-training-loss": 1.8924519062042235, "executed-for-epochs": 1000, "test-loss": 11.563952445983887, "validation-loss": 11.563952445983887}