{"mse-test-set": 21.12010772422679, "mae-test-set": 0.05127304043708479, "exec-time": 1.0001520549994893}