{"mse-test-set": 18.00164356509508, "mae-test-set": 0.05392457142776466, "exec-time": 3.3533860930037918}