{"execution-time": 7358.243414535071, "best-training-loss": 1.3984709660212198, "executed-for-epochs": 1000, "test-loss": 10.469975471496582, "validation-loss": 10.469975471496582}