{"mse-test-set": 2.104780115081271, "mae-test-set": 0.031045086781536824, "exec-time": 1.038431454988313}