{"mse-test-set": 9.6769497513302, "mae-test-set": 0.06249621358262048, "exec-time": 0.9860497100016801}