{"execution-time": 6367.563625955023, "best-training-loss": 0.908471671740214, "executed-for-epochs": 1000, "test-loss": 5.342241287231445, "validation-loss": 5.342241287231445}