{"mse-test-set": 51.073658406635424, "mae-test-set": 0.07947328371719069, "exec-time": 3.116649162999238}