{"mse-test-set": 8.888370536074795, "mae-test-set": 0.038912548163914755, "exec-time": 0.6311833620129619}