{"execution-time": 11216.157150679966, "best-training-loss": 0.6547642509142558, "executed-for-epochs": 1000, "test-loss": 3.4995336532592773, "validation-loss": 3.4995336532592773}