{"mse-test-set": 7.565580479269044, "mae-test-set": 0.03313200347201606, "exec-time": 1.8057697750045918}