{"mse-test-set": 10.056222335720177, "mae-test-set": 0.05505571998554128, "exec-time": 0.7220052150078118}