{"mse-test-set": 25.905344218459206, "mae-test-set": 0.054262112657772664, "exec-time": 0.68641799899342}