{"mse-test-set": 32.38653823137216, "mae-test-set": 0.03393522519178279, "exec-time": 0.5349967099900823}