{"mse-test-set": 17.740208614893213, "mae-test-set": 0.028112125989387976, "exec-time": 0.0015966389910317957}