{"execution-time": 8818.627491055056, "best-training-loss": 1.139629562695821, "executed-for-epochs": 1000, "test-loss": 7.702296733856201, "validation-loss": 7.702296733856201}