{"mse-test-set": 3.467509084755629, "mae-test-set": 0.03239236118344584, "exec-time": 0.8331478939944645}