{"mse-test-set": 27.614386061449643, "mae-test-set": 0.08181936977930947, "exec-time": 0.003560348995961249}