{"mse-test-set": 3.7577818098952602, "mae-test-set": 0.03364989140824966, "exec-time": 0.8948732040007599}