{"mse-test-set": 2.386194542610758, "mae-test-set": 0.03766220010289268, "exec-time": 0.0011670910025713965}