{"mse-test-set": 3.120560928987945, "mae-test-set": 0.03235083871401487, "exec-time": 0.0011761140049202368}