{"mse-test-set": 5.0360799351322925, "mae-test-set": 0.0319405566271318, "exec-time": 1.9509403159900103}