{"mse-test-set": 42.83998616518272, "mae-test-set": 0.04182701922233988, "exec-time": 1.562066775994026}