{"mse-test-set": 4.994285311422608, "mae-test-set": 0.03053825235007884, "exec-time": 0.0020681320020230487}