{"mse-test-set": 11.814060597028801, "mae-test-set": 0.04446490832426599, "exec-time": 0.00265094600035809}