{"mse-test-set": 5.537921465952925, "mae-test-set": 0.050216451960782726, "exec-time": 1.0668492420081748}