{"mse-test-set": 8.420665772281186, "mae-test-set": 0.04503775816100287, "exec-time": 0.7412769709917484}