{"mse-test-set": 52.06520023650458, "mae-test-set": 0.041358571519318446, "exec-time": 0.004717474992503412}