{"mse-test-set": 29.940625694956783, "mae-test-set": 0.05734354461548729, "exec-time": 0.0028603980026673526}