{"execution-time": 1751.8296887399629, "best-training-loss": 1.0667825937271118, "executed-for-epochs": 1000, "test-loss": 3.2965312004089355, "validation-loss": 3.2965312004089355}