{"mse-test-set": 2.812084003185815, "mae-test-set": 0.026430620725334437, "exec-time": 0.0018197390018031001}