{"execution-time": 11540.328460296965, "best-training-loss": 1.785453486442566, "executed-for-epochs": 1000, "test-loss": 10.265639305114746, "validation-loss": 10.265639305114746}