{"mse-test-set": 4.1422859896287925, "mae-test-set": 0.045277663033304535, "exec-time": 0.0026667909987736493}