{"mse-test-set": 82.58245903633788, "mae-test-set": 0.0500607086851457, "exec-time": 0.0030191559926606715}