{"mse-test-set": 113.52888907870356, "mae-test-set": 0.05654905880849408, "exec-time": 3.3051490250072675}