{"mse-test-set": 46.904013609413134, "mae-test-set": 0.07578955241100706, "exec-time": 1.1676269890012918}