{"mse-test-set": 32.12493064372222, "mae-test-set": 0.09098694850640321, "exec-time": 3.0802578709990485}