{"execution-time": 11387.074648903916, "best-training-loss": 1.228371000289917, "executed-for-epochs": 1000, "test-loss": 9.085098266601562, "validation-loss": 9.085098266601562}