{"mse-test-set": 4.289877262244505, "mae-test-set": 0.04925806235563547, "exec-time": 1.0846312009962276}