{"execution-time": 8920.34657687496, "best-training-loss": 1.229871722062429, "executed-for-epochs": 1000, "test-loss": 6.895534038543701, "validation-loss": 6.895534038543701}