{"execution-time": 6282.57313616504, "best-training-loss": 1.0809622327486674, "executed-for-epochs": 1000, "test-loss": 5.724198341369629, "validation-loss": 5.724198341369629}