{"mse-test-set": 37.957581994404364, "mae-test-set": 0.04049732930180851, "exec-time": 1.3794462579971878}