{"execution-time": 9588.49449128809, "best-training-loss": 1.394138248761495, "executed-for-epochs": 1000, "test-loss": 9.550311088562012, "validation-loss": 9.550311088562012}