{"execution-time": 8950.610794755048, "best-training-loss": 1.9600871721903483, "executed-for-epochs": 1000, "test-loss": 14.960567474365234, "validation-loss": 14.960567474365234}