{"mse-test-set": 47.43547972634877, "mae-test-set": 0.057587372399257354, "exec-time": 0.0028865310014225543}