{"mse-test-set": 97.73204983346525, "mae-test-set": 0.0628593196578777, "exec-time": 3.132618885996635}