{"mse-test-set": 10.059419762002552, "mae-test-set": 0.05188100524656012, "exec-time": 0.5386144079966471}