{"mse-test-set": 9.238064594168664, "mae-test-set": 0.05703478732376559, "exec-time": 0.7802048859884962}