{"mse-test-set": 26.42756941698579, "mae-test-set": 0.06442111407159629, "exec-time": 0.0032996980007737875}