{"mse-test-set": 55.800732002955165, "mae-test-set": 0.050518683890473225, "exec-time": 0.0029010849975747988}