{"mse-test-set": 16.77036893106365, "mae-test-set": 0.07076920955627491, "exec-time": 0.5621236620063428}