{"execution-time": 4246.71371563198, "best-training-loss": 0.9614858712468829, "executed-for-epochs": 1000, "test-loss": 3.566108465194702, "validation-loss": 3.566108465194702}