{"execution-time": 11296.005510866991, "best-training-loss": 1.1253435730934143, "executed-for-epochs": 1000, "test-loss": 5.084092140197754, "validation-loss": 5.084092140197754}