{"mse-test-set": 28.780756601191715, "mae-test-set": 0.05617623291550532, "exec-time": 3.1958867630019085}