{"mse-test-set": 20.517803164806523, "mae-test-set": 0.0429981863214542, "exec-time": 0.0028107520047342405}