{"mse-test-set": 3.5201364914169715, "mae-test-set": 0.03329984516727, "exec-time": 0.0013961549993837252}