{"execution-time": 8736.150323926937, "best-training-loss": 1.1672402222951253, "executed-for-epochs": 1000, "test-loss": 8.983208656311035, "validation-loss": 8.983208656311035}