{"mse-test-set": 29.843519951441646, "mae-test-set": 0.04883485055517756, "exec-time": 0.62494450500526}