{"mse-test-set": 40.362788977906966, "mae-test-set": 0.050943871964586294, "exec-time": 0.002692563008167781}