{"mse-test-set": 2.2801039651563144, "mae-test-set": 0.0394974030715958, "exec-time": 0.0010713290103012696}