{"mse-test-set": 34.17009413566753, "mae-test-set": 0.07841025632872609, "exec-time": 0.0027129060035804287}