{"mse-test-set": 22.49743545081673, "mae-test-set": 0.052825308043686264, "exec-time": 0.574973422990297}