{"mse-test-set": 7.580284190872537, "mae-test-set": 0.04418377684188306, "exec-time": 0.0026387070101918653}