{"execution-time": 11545.930327987997, "best-training-loss": 1.822703194618225, "executed-for-epochs": 1000, "test-loss": 11.409420013427734, "validation-loss": 11.409420013427734}