{"mse-test-set": 52.85472951666603, "mae-test-set": 0.03747618934324985, "exec-time": 0.003141414010315202}