{"execution-time": 11522.148674656986, "best-training-loss": 1.0956594427426656, "executed-for-epochs": 1000, "test-loss": 7.317328929901123, "validation-loss": 7.317328929901123}