{"mse-test-set": 31.53908719073231, "mae-test-set": 0.07354326859402674, "exec-time": 0.4143160460080253}