{"mse-test-set": 14.781588504409857, "mae-test-set": 0.049740253167190544, "exec-time": 0.0034596000041346997}