{"mse-test-set": 14.081385612762425, "mae-test-set": 0.05078414432188264, "exec-time": 3.3561409450048814}