{"execution-time": 7355.319179007085, "best-training-loss": 0.9981008529663086, "executed-for-epochs": 1000, "test-loss": 3.130861759185791, "validation-loss": 3.130861759185791}