{"mse-test-set": 16.291567027237065, "mae-test-set": 0.05506994796147658, "exec-time": 0.0026402709918329492}