{"mse-test-set": 72.91274325568206, "mae-test-set": 0.06023583009496166, "exec-time": 3.16271066700574}