{"mse-test-set": 23.437066809986668, "mae-test-set": 0.040369427986068074, "exec-time": 0.8163505900010932}