{"execution-time": 7151.638649442932, "best-training-loss": 0.7159194707870483, "executed-for-epochs": 1000, "test-loss": 3.873782157897949, "validation-loss": 3.873782157897949}