{"mse-test-set": 45.433451229442944, "mae-test-set": 0.04700701193307861, "exec-time": 1.6708815049933037}