{"mse-test-set": 5.269205130662141, "mae-test-set": 0.04760089696567678, "exec-time": 0.0019220769900130108}