{"mse-test-set": 10.371075238299111, "mae-test-set": 0.034662300683004466, "exec-time": 0.0012321169924689457}