{"execution-time": 5313.243027845048, "best-training-loss": 1.148214876651764, "executed-for-epochs": 1000, "test-loss": 7.845551013946533, "validation-loss": 7.845551013946533}