{"execution-time": 9074.706162152928, "best-training-loss": 1.7534258047739664, "executed-for-epochs": 1000, "test-loss": 13.128687858581543, "validation-loss": 13.128687858581543}