{"mse-test-set": 27.466980976571694, "mae-test-set": 0.059670966476264714, "exec-time": 0.0026357899914728478}