{"mse-test-set": 29.64607293891973, "mae-test-set": 0.04822164309898498, "exec-time": 0.5408860729949083}