{"mse-test-set": 7.6813899791411515, "mae-test-set": 0.05171796616000143, "exec-time": 0.9373950360022718}