{"mse-test-set": 2.990636600187068, "mae-test-set": 0.04327667434683078, "exec-time": 0.001253872993402183}