{"mse-test-set": 15.3271206908799, "mae-test-set": 0.03124757571012866, "exec-time": 0.6284763330040732}