{"mse-test-set": 3.3686416788284763, "mae-test-set": 0.04560173082457674, "exec-time": 1.356653839990031}