{"execution-time": 8824.674554980942, "best-training-loss": 1.145616348584493, "executed-for-epochs": 1000, "test-loss": 8.696366310119629, "validation-loss": 8.696366310119629}