{"execution-time": 6296.062733264058, "best-training-loss": 0.7387360175450642, "executed-for-epochs": 1000, "test-loss": 2.258124828338623, "validation-loss": 2.258124828338623}