{"mse-test-set": 13.965402473301006, "mae-test-set": 0.05546172714254911, "exec-time": 3.3857392630015966}