{"mse-test-set": 14.68765621816141, "mae-test-set": 0.050360519945461764, "exec-time": 0.0031776729883858934}