{"execution-time": 11190.88340231392, "best-training-loss": 0.732708211739858, "executed-for-epochs": 1000, "test-loss": 3.7142813205718994, "validation-loss": 3.7142813205718994}