{"mse-test-set": 15.932530087613895, "mae-test-set": 0.057364456943623784, "exec-time": 0.4971806910034502}