{"mse-test-set": 23.106978228172533, "mae-test-set": 0.053116923306118544, "exec-time": 0.003106721007497981}