{"execution-time": 5235.975305143977, "best-training-loss": 1.5401832501093546, "executed-for-epochs": 1000, "test-loss": 6.441893100738525, "validation-loss": 6.441893100738525}