{"execution-time": 11256.072465847945, "best-training-loss": 1.082924767335256, "executed-for-epochs": 1000, "test-loss": 3.4075143337249756, "validation-loss": 3.4075143337249756}