{"execution-time": 6376.931951005012, "best-training-loss": 0.9959701220194499, "executed-for-epochs": 1000, "test-loss": 4.531947135925293, "validation-loss": 4.531947135925293}