{"mse-test-set": 8.695073730411565, "mae-test-set": 0.05597326526180909, "exec-time": 0.003167103001032956}