{"execution-time": 9394.920974583947, "best-training-loss": 1.2296586195627848, "executed-for-epochs": 1000, "test-loss": 3.5992252826690674, "validation-loss": 3.5992252826690674}