{"mse-test-set": 3.3487547316688047, "mae-test-set": 0.03033633862123714, "exec-time": 1.3861094479943858}