{"mse-test-set": 46.170662814958455, "mae-test-set": 0.04185841151054624, "exec-time": 2.48138736000692}