{"mse-test-set": 19.02843811298556, "mae-test-set": 0.04191511816726404, "exec-time": 0.002874792000511661}