{"execution-time": 6313.424305981956, "best-training-loss": 1.265061116218567, "executed-for-epochs": 1000, "test-loss": 5.520544052124023, "validation-loss": 5.520544052124023}