{"mse-test-set": 8.907002791349244, "mae-test-set": 0.058476225371014254, "exec-time": 3.197891227013315}