{"mse-test-set": 28.11803394450083, "mae-test-set": 0.04979493625982578, "exec-time": 0.003264565995777957}