{"execution-time": 9026.344220879022, "best-training-loss": 1.4781910181045532, "executed-for-epochs": 1000, "test-loss": 6.384892463684082, "validation-loss": 6.384892463684082}