{"mse-test-set": 24.856354262161016, "mae-test-set": 0.0495575332409704, "exec-time": 0.88640128300176}