{"mse-test-set": 2.3059641214453888, "mae-test-set": 0.050650182448304604, "exec-time": 1.242658710005344}