{"execution-time": 10962.280968662933, "best-training-loss": 0.9604390541712443, "executed-for-epochs": 1000, "test-loss": 3.0116991996765137, "validation-loss": 3.0116991996765137}