{"mse-test-set": 5.071454144100739, "mae-test-set": 0.06277987698729466, "exec-time": 3.0739876040024683}