{"mse-test-set": 8.764742453837385, "mae-test-set": 0.05650828477104342, "exec-time": 0.002934692005510442}