{"mse-test-set": 105.20618953221573, "mae-test-set": 0.05201776818093249, "exec-time": 0.002614297001855448}