{"mse-test-set": 11.26249801857752, "mae-test-set": 0.08847440262409714, "exec-time": 3.20468423901184}