{"mse-test-set": 41.26532601429589, "mae-test-set": 0.05167146613420098, "exec-time": 1.0538673400005791}