{"mse-test-set": 28.009804314248743, "mae-test-set": 0.05085777756899003, "exec-time": 0.6478225650062086}