{"mse-test-set": 2.9112993090059356, "mae-test-set": 0.03154933199950328, "exec-time": 0.9053726489946712}