{"mse-test-set": 9.31311221708065, "mae-test-set": 0.06000878373155448, "exec-time": 3.185955193999689}