{"mse-test-set": 27.721511708387418, "mae-test-set": 0.05853182914172658, "exec-time": 0.002658140001585707}