{"mse-test-set": 18.821276011616735, "mae-test-set": 0.040714284955516974, "exec-time": 0.5778366360027576}