{"mse-test-set": 17.429894843389988, "mae-test-set": 0.06762828865711637, "exec-time": 1.1534322969964705}