{"execution-time": 10011.890699231066, "best-training-loss": 1.7377989689509075, "executed-for-epochs": 1000, "test-loss": 13.171455383300781, "validation-loss": 13.171455383300781}