{"mse-test-set": 2.248907002205111, "mae-test-set": 0.035187451878130195, "exec-time": 0.0016912909923121333}