{"mse-test-set": 10.15771608682528, "mae-test-set": 0.07888263553801779, "exec-time": 0.002797428998746909}