{"mse-test-set": 27.881913752592247, "mae-test-set": 0.06258827134705515, "exec-time": 1.1695195189968217}