{"mse-test-set": 13.616936819087066, "mae-test-set": 0.058678373165233326, "exec-time": 3.1862269249977544}