{"execution-time": 6454.6774978040485, "best-training-loss": 0.6854084293047588, "executed-for-epochs": 1000, "test-loss": 3.3062453269958496, "validation-loss": 3.3062453269958496}