{"mse-test-set": 9.27362579449119, "mae-test-set": 0.06338881359630383, "exec-time": 0.8433797850011615}