{"mse-test-set": 34.5391654045949, "mae-test-set": 0.0792743460607409, "exec-time": 0.5694902209943393}