{"mse-test-set": 12.081523988577016, "mae-test-set": 0.05063538245653981, "exec-time": 0.7431328469974687}