{"mse-test-set": 12.943715363235587, "mae-test-set": 0.049553108976119704, "exec-time": 3.231447518002824}