{"mse-test-set": 20.161817319967252, "mae-test-set": 0.054021240887423744, "exec-time": 0.003973156999563798}