{"execution-time": 6955.357506463071, "best-training-loss": 0.8523055844836764, "executed-for-epochs": 1000, "test-loss": 1.9567433595657349, "validation-loss": 1.9567433595657349}