{"mse-test-set": 28.693716054615855, "mae-test-set": 0.06514485120268387, "exec-time": 3.22694037698966}