{"execution-time": 11614.44550002506, "best-training-loss": 1.413483158747355, "executed-for-epochs": 1000, "test-loss": 8.860570907592773, "validation-loss": 8.860570907592773}