{"mse-test-set": 10.771224464639717, "mae-test-set": 0.05815167516824981, "exec-time": 3.1339325459994143}