{"mse-test-set": 88.76998720989073, "mae-test-set": 0.07611740133098319, "exec-time": 0.6334625480085379}