{"mse-test-set": 43.99645832171689, "mae-test-set": 0.07818861891539094, "exec-time": 0.0027766600105678663}