{"execution-time": 12101.226068284945, "best-training-loss": 2.1640472491582234, "executed-for-epochs": 1000, "test-loss": 29.447324752807617, "validation-loss": 29.447324752807617}