{"mse-test-set": 23.885195682034308, "mae-test-set": 0.05076842286359695, "exec-time": 1.089573888995801}