{"execution-time": 8588.998001604923, "best-training-loss": 0.8470954100290934, "executed-for-epochs": 1000, "test-loss": 3.6973447799682617, "validation-loss": 3.6973447799682617}