{"mse-test-set": 31.292413427925574, "mae-test-set": 0.0696556071533865, "exec-time": 3.129352325995569}