{"execution-time": 7420.620731499977, "best-training-loss": 0.8895151694615682, "executed-for-epochs": 1000, "test-loss": 3.688045024871826, "validation-loss": 3.688045024871826}