{"mse-test-set": 2.9803101388027917, "mae-test-set": 0.0380860614442125, "exec-time": 0.9350524990004487}