{"execution-time": 8032.354236504994, "best-training-loss": 1.5004767815272013, "executed-for-epochs": 1000, "test-loss": 10.037802696228027, "validation-loss": 10.037802696228027}