{"mse-test-set": 9.228767165523012, "mae-test-set": 0.057269813083520325, "exec-time": 0.0027837140078190714}