{"mse-test-set": 30.63227481732901, "mae-test-set": 0.054850851518387575, "exec-time": 0.0025701610138639808}