{"mse-test-set": 13.423998721634328, "mae-test-set": 0.049520628441153285, "exec-time": 3.342811429989524}