{"mse-test-set": 18.430173964217712, "mae-test-set": 0.05452217576226618, "exec-time": 3.212019908009097}