{"mse-test-set": 64.95819683213999, "mae-test-set": 0.04413821394655044, "exec-time": 0.5199595809972379}