{"mse-test-set": 32.47504836569384, "mae-test-set": 0.09618940442869162, "exec-time": 3.203968891990371}