{"mse-test-set": 14.650557973596953, "mae-test-set": 0.05455851485825183, "exec-time": 3.1991768200095976}