{"mse-test-set": 24.731831577535544, "mae-test-set": 0.08335862061485252, "exec-time": 3.5962823890004074}