{"execution-time": 9746.213337389054, "best-training-loss": 1.4456404944260914, "executed-for-epochs": 1000, "test-loss": 6.945004940032959, "validation-loss": 6.945004940032959}