{"mse-test-set": 121.87525672658555, "mae-test-set": 0.0602720879616361, "exec-time": 0.0028060910117346793}