{"mse-test-set": 12.985738090898817, "mae-test-set": 0.055665995063074535, "exec-time": 3.3380564649996813}