{"mse-test-set": 17.622204797175744, "mae-test-set": 0.04456587300898002, "exec-time": 0.003705754003021866}