{"execution-time": 11725.911263989983, "best-training-loss": 2.601354241371155, "executed-for-epochs": 1000, "test-loss": 28.525148391723633, "validation-loss": 28.525148391723633}