{"mse-test-set": 11.076944965571881, "mae-test-set": 0.08115173155584963, "exec-time": 0.003032477994565852}