{"mse-test-set": 2.8321357428206015, "mae-test-set": 0.02655928456770366, "exec-time": 0.7740324699989287}