{"mse-test-set": 48.24770521140405, "mae-test-set": 0.05236146088801978, "exec-time": 0.8930473479995271}