{"mse-test-set": 4.893078074037909, "mae-test-set": 0.04492198175474543, "exec-time": 3.322438636008883}