{"mse-test-set": 32.98146510320086, "mae-test-set": 0.03711684423849173, "exec-time": 0.9255992139951559}