{"mse-test-set": 29.70097954680742, "mae-test-set": 0.04848622705879455, "exec-time": 0.002687549000256695}