{"mse-test-set": 3.2491581463733588, "mae-test-set": 0.04407991507483203, "exec-time": 0.002048455993644893}