{"mse-test-set": 30.20431157566959, "mae-test-set": 0.057012198458754666, "exec-time": 3.2018030720064417}