{"mse-test-set": 24.68314168722408, "mae-test-set": 0.061878678599069786, "exec-time": 3.244211394994636}