{"mse-test-set": 8.57921878161524, "mae-test-set": 0.03772514819921477, "exec-time": 0.430009710995364}