{"mse-test-set": 3.690318854746007, "mae-test-set": 0.056763760752833896, "exec-time": 1.3356651700014481}