{"mse-test-set": 10.352318610464993, "mae-test-set": 0.026325737778821013, "exec-time": 0.0012889589997939765}