{"mse-test-set": 14.469938010052523, "mae-test-set": 0.0518623949535657, "exec-time": 0.0027874910010723397}