{"execution-time": 6352.429422961082, "best-training-loss": 0.7373255968093873, "executed-for-epochs": 1000, "test-loss": 5.468071460723877, "validation-loss": 5.468071460723877}