{"mse-test-set": 12.968333176279726, "mae-test-set": 0.0482907259092601, "exec-time": 3.2304391659999965}