{"mse-test-set": 10.154014574470636, "mae-test-set": 0.05587776278803457, "exec-time": 3.344819710997399}