{"execution-time": 4003.237794579938, "best-training-loss": 0.7672291738646371, "executed-for-epochs": 1000, "test-loss": 1.560194969177246, "validation-loss": 1.560194969177246}