{"execution-time": 8899.968789712992, "best-training-loss": 1.3163870731989542, "executed-for-epochs": 1000, "test-loss": 11.224035263061523, "validation-loss": 11.224035263061523}