{"mse-test-set": 6.577009483521855, "mae-test-set": 0.04582941603819677, "exec-time": 0.6303048940026201}