{"execution-time": 11275.085235138074, "best-training-loss": 0.9342778603235881, "executed-for-epochs": 1000, "test-loss": 4.635715007781982, "validation-loss": 4.635715007781982}