{"execution-time": 8595.549478550907, "best-training-loss": 0.6698500990867615, "executed-for-epochs": 1000, "test-loss": 3.190113067626953, "validation-loss": 3.190113067626953}