{"execution-time": 7223.981684652972, "best-training-loss": 0.9119293557273017, "executed-for-epochs": 1000, "test-loss": 1.8696709871292114, "validation-loss": 1.8696709871292114}