{"mse-test-set": 30.491675297781743, "mae-test-set": 0.05864643240619667, "exec-time": 0.7845882990077371}