{"mse-test-set": 34.17786802562976, "mae-test-set": 0.0810667527520412, "exec-time": 1.7324028120056028}