{"mse-test-set": 10.415765536645218, "mae-test-set": 0.06446634870902233, "exec-time": 0.7351052459998755}