{"mse-test-set": 27.287009614459624, "mae-test-set": 0.05780228493073536, "exec-time": 1.0396060019993456}