{"execution-time": 11476.631948748953, "best-training-loss": 1.1378186424573262, "executed-for-epochs": 1000, "test-loss": 3.164746046066284, "validation-loss": 3.164746046066284}