{"mse-test-set": 3.0611497557848035, "mae-test-set": 0.027976098094523665, "exec-time": 0.0018608880054671317}