{"mse-test-set": 24.82154208666033, "mae-test-set": 0.0588274975510549, "exec-time": 0.00269665100495331}