{"mse-test-set": 3.1394166965725567, "mae-test-set": 0.045613068826205645, "exec-time": 0.0011277020093984902}