{"mse-test-set": 77.78421825636983, "mae-test-set": 0.052453342368857916, "exec-time": 3.2316630909917876}