{"mse-test-set": 147.8247922580811, "mae-test-set": 0.06369737636224579, "exec-time": 3.2589399610005785}