{"mse-test-set": 14.026088261662272, "mae-test-set": 0.039346098471266286, "exec-time": 0.002727562008658424}