{"mse-test-set": 23.90720007786858, "mae-test-set": 0.049062255591322435, "exec-time": 0.0034875030105467886}