{"mse-test-set": 4.35484230575063, "mae-test-set": 0.029211120126783174, "exec-time": 0.8239016759907827}