{"mse-test-set": 9.670250980378121, "mae-test-set": 0.05501200064452374, "exec-time": 0.0029716639983234927}