{"mse-test-set": 3.064861240042762, "mae-test-set": 0.04529937162597153, "exec-time": 1.084599513997091}