{"mse-test-set": 33.45629759220367, "mae-test-set": 0.05273205602600115, "exec-time": 0.002945352011010982}