{"execution-time": 1711.0710706999525, "best-training-loss": 0.9950125366449356, "executed-for-epochs": 1000, "test-loss": 2.160787582397461, "validation-loss": 2.160787582397461}