{"mse-test-set": 11.94012064189941, "mae-test-set": 0.03201983905919883, "exec-time": 0.7767191720049595}