{"mse-test-set": 9.055311187360775, "mae-test-set": 0.03659857411967445, "exec-time": 0.9451085870095994}