{"mse-test-set": 9.706466466676305, "mae-test-set": 0.039396254698367786, "exec-time": 0.0029082179971737787}