{"mse-test-set": 6.840725025019911, "mae-test-set": 0.03751167081804708, "exec-time": 0.49180804399657063}