{"execution-time": 5978.2786467010155, "best-training-loss": 0.4774744987487793, "executed-for-epochs": 1000, "test-loss": 2.453636646270752, "validation-loss": 2.453636646270752}