{"mse-test-set": 28.3720800000562, "mae-test-set": 0.08538511049473056, "exec-time": 0.0027865820011356845}