{"execution-time": 6238.476625617011, "best-training-loss": 0.9666870594024658, "executed-for-epochs": 1000, "test-loss": 7.093518257141113, "validation-loss": 7.093518257141113}