{"mse-test-set": 9.082775778853895, "mae-test-set": 0.05815302199494445, "exec-time": 3.183120499001234}