{"execution-time": 5120.524306587991, "best-training-loss": 0.8869403998057047, "executed-for-epochs": 1000, "test-loss": 2.642716884613037, "validation-loss": 2.642716884613037}