{"mse-test-set": 39.555700807594754, "mae-test-set": 0.04988440219657367, "exec-time": 3.1433285550010623}