{"mse-test-set": 12.642954951978776, "mae-test-set": 0.05707949550933921, "exec-time": 0.002937778990599327}