{"mse-test-set": 13.579188095260356, "mae-test-set": 0.04890873247430794, "exec-time": 0.8214611529983813}