{"mse-test-set": 8.516407160602302, "mae-test-set": 0.055572257116279375, "exec-time": 0.0026896530034719035}