{"execution-time": 4910.192561637028, "best-training-loss": 1.3836548328399658, "executed-for-epochs": 1000, "test-loss": 5.051421165466309, "validation-loss": 5.051421165466309}