{"mse-test-set": 85.8319449463458, "mae-test-set": 0.05101101946758625, "exec-time": 3.246559477993287}