{"mse-test-set": 10.685182889342187, "mae-test-set": 0.06039865506573638, "exec-time": 3.2426551680109696}