{"mse-test-set": 35.591349224581016, "mae-test-set": 0.049390612758236474, "exec-time": 0.003311510998173617}