{"mse-test-set": 15.984187353692318, "mae-test-set": 0.07279240957950864, "exec-time": 1.1203645749919815}