{"execution-time": 6392.33507795108, "best-training-loss": 0.7849629521369934, "executed-for-epochs": 1000, "test-loss": 4.642521381378174, "validation-loss": 4.642521381378174}