{"mse-test-set": 4.965752388712208, "mae-test-set": 0.03208627035568102, "exec-time": 0.8138910369889345}