{"mse-test-set": 25.087819381441395, "mae-test-set": 0.056916137040460425, "exec-time": 0.0029135549993952736}