{"mse-test-set": 18.58267596666448, "mae-test-set": 0.09144625422347866, "exec-time": 3.964290260002599}