{"mse-test-set": 10.078004069932698, "mae-test-set": 0.052949995602111645, "exec-time": 0.002750858009676449}