{"execution-time": 8907.00212271302, "best-training-loss": 1.4504030386606852, "executed-for-epochs": 1000, "test-loss": 7.563016414642334, "validation-loss": 7.563016414642334}