{"mse-test-set": 12.35268818930086, "mae-test-set": 0.05050438546896024, "exec-time": 0.7470506529934937}