{"mse-test-set": 59.20301847811584, "mae-test-set": 0.06357759148119412, "exec-time": 3.296723753999686}