{"mse-test-set": 14.031992241244152, "mae-test-set": 0.041532295452177646, "exec-time": 0.0033182280021719635}