{"execution-time": 11528.545248506009, "best-training-loss": 1.053770903746287, "executed-for-epochs": 1000, "test-loss": 9.459271430969238, "validation-loss": 9.459271430969238}