{"mse-test-set": 24.74027811387162, "mae-test-set": 0.053820945923210274, "exec-time": 0.0026649560022633523}