{"mse-test-set": 4.338008704856959, "mae-test-set": 0.04785598116776028, "exec-time": 0.8492508630006341}