{"execution-time": 4989.839424303034, "best-training-loss": 0.6422659476598104, "executed-for-epochs": 1000, "test-loss": 2.371056079864502, "validation-loss": 2.371056079864502}