{"mse-test-set": 3.4413478953478545, "mae-test-set": 0.04543769954476213, "exec-time": 0.0019498009933158755}