{"mse-test-set": 100.0702863842569, "mae-test-set": 0.05740314250208566, "exec-time": 0.0036629690002882853}