{"execution-time": 6312.170652028057, "best-training-loss": 1.0676873366038004, "executed-for-epochs": 1000, "test-loss": 7.881249904632568, "validation-loss": 7.881249904632568}