{"mse-test-set": 44.411027995553624, "mae-test-set": 0.08240152005861816, "exec-time": 3.2702179250045447}