{"mse-test-set": 22.63184985881442, "mae-test-set": 0.057723035437269185, "exec-time": 3.098758367996197}