{"mse-test-set": 3.3964272394668398, "mae-test-set": 0.031344330591992375, "exec-time": 0.8622098599880701}