{"mse-test-set": 31.19968498032226, "mae-test-set": 0.04550960503521986, "exec-time": 0.7432026260066777}