{"mse-test-set": 8.071132481289135, "mae-test-set": 0.042750771182409976, "exec-time": 0.003150285003357567}