{"mse-test-set": 8.878860231334338, "mae-test-set": 0.04648127451750973, "exec-time": 0.003033724002307281}