{"execution-time": 5359.784340334008, "best-training-loss": 0.8932981292406718, "executed-for-epochs": 1000, "test-loss": 5.218410491943359, "validation-loss": 5.218410491943359}