{"execution-time": 9624.026454606093, "best-training-loss": 1.4993932962417602, "executed-for-epochs": 1000, "test-loss": 12.315953254699707, "validation-loss": 12.315953254699707}