{"execution-time": 11299.553656592034, "best-training-loss": 1.2514314293861388, "executed-for-epochs": 1000, "test-loss": 7.389680862426758, "validation-loss": 7.389680862426758}