{"mse-test-set": 9.676110651000057, "mae-test-set": 0.039458260859082925, "exec-time": 3.217737468003179}