{"mse-test-set": 11.911736856848721, "mae-test-set": 0.05323813076858768, "exec-time": 0.7693677969946293}