{"mse-test-set": 10.431573835529539, "mae-test-set": 0.06841579882661838, "exec-time": 1.0580531209998298}