{"execution-time": 11634.613205956994, "best-training-loss": 2.042512329419454, "executed-for-epochs": 1000, "test-loss": 22.346139907836914, "validation-loss": 22.346139907836914}