{"mse-test-set": 29.69031729998184, "mae-test-set": 0.05310945461903136, "exec-time": 0.6021395999996457}