{"mse-test-set": 32.13376157575695, "mae-test-set": 0.05942499141960438, "exec-time": 3.132565428997623}