{"mse-test-set": 13.209703474146544, "mae-test-set": 0.05108608224386733, "exec-time": 3.192158607998863}