{"mse-test-set": 74.65915294884879, "mae-test-set": 0.057369142297950364, "exec-time": 0.002834571001585573}