{"execution-time": 6296.239438205026, "best-training-loss": 0.5902868151664734, "executed-for-epochs": 1000, "test-loss": 1.6610273122787476, "validation-loss": 1.6610273122787476}