{"mse-test-set": 62.70443464036846, "mae-test-set": 0.0491446468858958, "exec-time": 1.1816424729913706}