{"mse-test-set": 25.532066423317005, "mae-test-set": 0.06250240206612419, "exec-time": 1.1396050780022051}