{"mse-test-set": 17.99487997540924, "mae-test-set": 0.05126228708669403, "exec-time": 0.003552199006662704}