{"mse-test-set": 6.55003504079068, "mae-test-set": 0.04881712253701369, "exec-time": 0.49941559199942276}