{"mse-test-set": 3.5878900527197137, "mae-test-set": 0.03267227745304308, "exec-time": 0.9641704520036001}