{"execution-time": 9899.536081903032, "best-training-loss": 1.0765698035558064, "executed-for-epochs": 1000, "test-loss": 7.697999954223633, "validation-loss": 7.697999954223633}