{"mse-test-set": 67.02566885602833, "mae-test-set": 0.04254659704947143, "exec-time": 0.8160823689977406}