{"mse-test-set": 3.221086259720603, "mae-test-set": 0.04073322481929516, "exec-time": 0.0028445670031942427}