{"mse-test-set": 26.851804548366964, "mae-test-set": 0.05899265728562267, "exec-time": 3.2986995200044475}