{"execution-time": 6708.147610918968, "best-training-loss": 0.7636397878328959, "executed-for-epochs": 1000, "test-loss": 1.4230003356933594, "validation-loss": 1.4230003356933594}