{"mse-test-set": 3.2066860644507207, "mae-test-set": 0.028183407563928713, "exec-time": 1.0668986509990646}