{"mse-test-set": 89.6244641352543, "mae-test-set": 0.04643003167335866, "exec-time": 3.1923288660036633}