{"mse-test-set": 12.242686213712267, "mae-test-set": 0.04762099857938418, "exec-time": 3.1750236509979004}