{"mse-test-set": 4.312891884266208, "mae-test-set": 0.04833998755942049, "exec-time": 0.0012002170115010813}