{"mse-test-set": 27.498850476892123, "mae-test-set": 0.06079658001478048, "exec-time": 0.6013219710002886}