{"execution-time": 11575.96519875701, "best-training-loss": 1.366042145093282, "executed-for-epochs": 1000, "test-loss": 10.545222282409668, "validation-loss": 10.545222282409668}