{"mse-test-set": 5.538864099023046, "mae-test-set": 0.05013316231205008, "exec-time": 0.001554590999148786}