{"mse-test-set": 15.568098238856962, "mae-test-set": 0.04514478684430442, "exec-time": 0.7874837290000869}