{"execution-time": 11585.638222187059, "best-training-loss": 1.1488383968671163, "executed-for-epochs": 1000, "test-loss": 9.792752265930176, "validation-loss": 9.792752265930176}