{"mse-test-set": 17.884974271885195, "mae-test-set": 0.040606866282301, "exec-time": 0.2312976059911307}