{"mse-test-set": 3.0263203917362813, "mae-test-set": 0.02708118465359202, "exec-time": 0.0019582179957069457}