{"execution-time": 8836.027321288013, "best-training-loss": 0.688006869951884, "executed-for-epochs": 1000, "test-loss": 3.301309108734131, "validation-loss": 3.301309108734131}