{"execution-time": 3988.941197004984, "best-training-loss": 0.9299290520804269, "executed-for-epochs": 1000, "test-loss": 1.7625384330749512, "validation-loss": 1.7625384330749512}