{"mse-test-set": 2.0331876024723132, "mae-test-set": 0.035008863258588804, "exec-time": 0.002149769992684014}