{"mse-test-set": 31.708653996833696, "mae-test-set": 0.06727968492823351, "exec-time": 0.6151397919893498}