{"execution-time": 8918.366389772971, "best-training-loss": 1.5119490544001262, "executed-for-epochs": 1000, "test-loss": 6.793220043182373, "validation-loss": 6.793220043182373}