{"mse-test-set": 111.12260492737619, "mae-test-set": 0.047430420631575564, "exec-time": 3.0991839500056813}