{"mse-test-set": 27.806325605734862, "mae-test-set": 0.05273079318219317, "exec-time": 3.0982696849969216}