{"mse-test-set": 16.065647928516086, "mae-test-set": 0.0561553987313938, "exec-time": 3.7254097500117496}