{"mse-test-set": 11.28921168134132, "mae-test-set": 0.047227243063105204, "exec-time": 1.1670406400080537}