{"execution-time": 9700.270038607996, "best-training-loss": 1.1108719468116761, "executed-for-epochs": 1000, "test-loss": 5.09499979019165, "validation-loss": 5.09499979019165}