{"mse-test-set": 127.86905041060481, "mae-test-set": 0.059704371136142964, "exec-time": 3.2219764179899357}