{"mse-test-set": 24.904944624101276, "mae-test-set": 0.03613489737003867, "exec-time": 1.7521108950022608}