{"mse-test-set": 65.88913781873632, "mae-test-set": 0.05157492076315376, "exec-time": 0.00290336599573493}