{"mse-test-set": 10.128776346125422, "mae-test-set": 0.05346196725895085, "exec-time": 0.6371968949970324}