{"execution-time": 5057.492272807984, "best-training-loss": 0.45538910627365115, "executed-for-epochs": 1000, "test-loss": 1.0912507772445679, "validation-loss": 1.0912507772445679}