{"execution-time": 9132.436634228914, "best-training-loss": 1.2715392808119457, "executed-for-epochs": 1000, "test-loss": 6.622901439666748, "validation-loss": 6.622901439666748}