{"mse-test-set": 21.64920750531322, "mae-test-set": 0.045938706367252065, "exec-time": 3.2658900849928614}