{"mse-test-set": 12.592131608641647, "mae-test-set": 0.04652227884968541, "exec-time": 0.002679454002645798}