{"execution-time": 11454.882166225929, "best-training-loss": 1.5262169281641642, "executed-for-epochs": 1000, "test-loss": 7.623528957366943, "validation-loss": 7.623528957366943}