{"mse-test-set": 24.753409091286187, "mae-test-set": 0.06081032185096652, "exec-time": 3.248297117999755}