{"mse-test-set": 48.44903397332609, "mae-test-set": 0.05949722035333342, "exec-time": 3.205613065001671}