{"mse-test-set": 42.46008105879634, "mae-test-set": 0.06016446630956115, "exec-time": 3.1154697530000703}