{"mse-test-set": 23.033893094167695, "mae-test-set": 0.052611762312869285, "exec-time": 0.9962156969995704}