{"execution-time": 6265.001354543958, "best-training-loss": 0.7282003045082093, "executed-for-epochs": 1000, "test-loss": 1.990573525428772, "validation-loss": 1.990573525428772}