{"mse-test-set": 41.45487959001054, "mae-test-set": 0.05161382463186247, "exec-time": 3.246223011999973}