{"mse-test-set": 24.769692078834893, "mae-test-set": 0.053222781742397474, "exec-time": 1.1166977699904237}