{"mse-test-set": 88.6970248758991, "mae-test-set": 0.06083236385830723, "exec-time": 0.003472170006716624}