{"mse-test-set": 25.37131671848703, "mae-test-set": 0.057689017803189455, "exec-time": 3.2365501469903393}