{"mse-test-set": 60.830422542369945, "mae-test-set": 0.05090797720362827, "exec-time": 0.003702532994793728}