{"mse-test-set": 9.76976656287906, "mae-test-set": 0.044144755318020826, "exec-time": 1.059117716999026}