{"mse-test-set": 13.416824368129866, "mae-test-set": 0.057905423651873573, "exec-time": 3.1836462280043634}