{"execution-time": 9673.210554489982, "best-training-loss": 2.029975954691569, "executed-for-epochs": 1000, "test-loss": 14.93796443939209, "validation-loss": 14.93796443939209}