{"execution-time": 11673.412298935, "best-training-loss": 2.3576300303141275, "executed-for-epochs": 1000, "test-loss": 23.275440216064453, "validation-loss": 23.275440216064453}