{"mse-test-set": 2.3900995233476228, "mae-test-set": 0.03505808489353051, "exec-time": 1.4548650850047125}