{"mse-test-set": 19.779989433961383, "mae-test-set": 0.07329804356973105, "exec-time": 0.762093109995476}