{"mse-test-set": 24.079744434667052, "mae-test-set": 0.05253319094835311, "exec-time": 0.002597647995571606}