{"mse-test-set": 33.76556612079637, "mae-test-set": 0.05107062698535004, "exec-time": 0.0027815700013889}