{"mse-test-set": 25.49283697827859, "mae-test-set": 0.05908919559644533, "exec-time": 0.9179896650020964}