{"mse-test-set": 9.849569469697851, "mae-test-set": 0.051838248147586655, "exec-time": 1.2525982429942815}