{"mse-test-set": 23.19778687752544, "mae-test-set": 0.04999537889536603, "exec-time": 0.002741201999015175}