{"mse-test-set": 7.188399298613183, "mae-test-set": 0.03817208812290431, "exec-time": 0.0027502800076035783}