{"mse-test-set": 8.779229079678196, "mae-test-set": 0.059366615409703984, "exec-time": 3.1966475219960557}