{"mse-test-set": 3.5322936801829137, "mae-test-set": 0.04434432686840832, "exec-time": 1.894444414996542}