{"mse-test-set": 51.02269035094942, "mae-test-set": 0.04585260453296108, "exec-time": 1.6707592089951504}