{"mse-test-set": 31.366096092263245, "mae-test-set": 0.06302084113163238, "exec-time": 3.113809261005372}