{"mse-test-set": 8.17161390619713, "mae-test-set": 0.04317758727583397, "exec-time": 3.180443313001888}