{"mse-test-set": 5.064724888811544, "mae-test-set": 0.03464299718040938, "exec-time": 0.0014998219994595274}