{"mse-test-set": 22.281717943001247, "mae-test-set": 0.049088938885229, "exec-time": 1.0875522489950527}