{"mse-test-set": 13.104742607530476, "mae-test-set": 0.04932210605744695, "exec-time": 0.9710889700072585}