{"mse-test-set": 34.22715006184078, "mae-test-set": 0.07072029210384292, "exec-time": 0.740307523010415}