{"mse-test-set": 26.969498446145654, "mae-test-set": 0.0668980628394051, "exec-time": 0.7996537300059572}