{"mse-test-set": 2.869678335127187, "mae-test-set": 0.02817383919281292, "exec-time": 0.9119815020094393}