{"mse-test-set": 13.839912444890004, "mae-test-set": 0.04812972800216265, "exec-time": 0.0033118239953182638}