{"mse-test-set": 8.127978415810022, "mae-test-set": 0.072103534710336, "exec-time": 1.0947365019965218}