{"mse-test-set": 15.104649505635113, "mae-test-set": 0.07195904830710424, "exec-time": 1.4194627830001991}