{"mse-test-set": 82.34428832120263, "mae-test-set": 0.05183344392847863, "exec-time": 3.224172321992228}