{"execution-time": 9016.115456091007, "best-training-loss": 2.250891160964966, "executed-for-epochs": 1000, "test-loss": 16.3239803314209, "validation-loss": 16.3239803314209}