{"mse-test-set": 2.7489263774284125, "mae-test-set": 0.029241926880866714, "exec-time": 0.8805720840027789}