{"execution-time": 11510.197183764074, "best-training-loss": 1.6520259380340576, "executed-for-epochs": 1000, "test-loss": 9.814810752868652, "validation-loss": 9.814810752868652}