{"mse-test-set": 3.9356178394189856, "mae-test-set": 0.030718367179044654, "exec-time": 1.4513941460027127}