{"mse-test-set": 35.63327680971057, "mae-test-set": 0.08865016615477846, "exec-time": 3.2595453889953205}