{"mse-test-set": 14.024409971580939, "mae-test-set": 0.04419054299790975, "exec-time": 3.333646487997612}