{"execution-time": 11300.77661690407, "best-training-loss": 1.3669759194056192, "executed-for-epochs": 1000, "test-loss": 7.198991298675537, "validation-loss": 7.198991298675537}