{"mse-test-set": 3.280563179041296, "mae-test-set": 0.032253902311137894, "exec-time": 0.8730522569967434}