{"mse-test-set": 78.52770324194823, "mae-test-set": 0.0423687661220619, "exec-time": 0.6929327620018739}