{"mse-test-set": 7.827515279410514, "mae-test-set": 0.039739812230436246, "exec-time": 0.4649714400002267}