{"mse-test-set": 5.068507359525541, "mae-test-set": 0.03098967459361844, "exec-time": 1.9031143040047027}