{"mse-test-set": 42.591641468506175, "mae-test-set": 0.07122895798603582, "exec-time": 0.6770382730028359}