{"mse-test-set": 17.588790467196606, "mae-test-set": 0.051721800138128014, "exec-time": 0.002792383005726151}