{"mse-test-set": 30.027182152184558, "mae-test-set": 0.06110279800178942, "exec-time": 3.4739511090010637}