{"mse-test-set": 30.37675298144792, "mae-test-set": 0.05721165772632759, "exec-time": 0.6072284120018594}