{"mse-test-set": 22.930474274206492, "mae-test-set": 0.045875822959244784, "exec-time": 3.1883667570073158}