{"mse-test-set": 15.585128244942588, "mae-test-set": 0.055623686501097405, "exec-time": 0.7436698469973635}