{"mse-test-set": 4.923938837911307, "mae-test-set": 0.03130955826413136, "exec-time": 0.7923744860017905}