{"execution-time": 6009.525000951951, "best-training-loss": 0.4588885764280955, "executed-for-epochs": 1000, "test-loss": 1.1696594953536987, "validation-loss": 1.1696594953536987}