{"mse-test-set": 6.101259248515729, "mae-test-set": 0.04150361628844568, "exec-time": 0.7417834799998673}