{"mse-test-set": 2.5555355433128275, "mae-test-set": 0.03442059919992408, "exec-time": 1.389833245993941}