{"mse-test-set": 32.520095343585155, "mae-test-set": 0.07151137877535516, "exec-time": 0.002991871995618567}