{"mse-test-set": 75.27435939534186, "mae-test-set": 0.05721295308473451, "exec-time": 3.249995467005647}