{"mse-test-set": 7.408569994503176, "mae-test-set": 0.04235962385919681, "exec-time": 0.8734554609982297}