{"mse-test-set": 29.940500764782872, "mae-test-set": 0.06335251332581603, "exec-time": 3.1307104139996227}