{"mse-test-set": 28.2750331685654, "mae-test-set": 0.05347524345402999, "exec-time": 0.002916120007284917}