{"mse-test-set": 31.87614484646026, "mae-test-set": 0.05868828782714334, "exec-time": 3.2109622429998126}