{"mse-test-set": 10.61012361733003, "mae-test-set": 0.059222175026130044, "exec-time": 0.9321049270074582}