{"mse-test-set": 79.54188693254588, "mae-test-set": 0.09528395818318498, "exec-time": 0.0027123119944008067}