{"execution-time": 6283.838785839034, "best-training-loss": 1.046112068494161, "executed-for-epochs": 1000, "test-loss": 6.275918006896973, "validation-loss": 6.275918006896973}