{"execution-time": 6232.16298849904, "best-training-loss": 0.6739651878674825, "executed-for-epochs": 1000, "test-loss": 3.803121566772461, "validation-loss": 3.803121566772461}