{"mse-test-set": 28.222566191203892, "mae-test-set": 0.0619491810066265, "exec-time": 3.288464457000373}