{"mse-test-set": 9.657335462187211, "mae-test-set": 0.029821057103978674, "exec-time": 1.5161704939964693}