{"mse-test-set": 29.03528313311676, "mae-test-set": 0.05528351631246562, "exec-time": 0.7652143190061906}