{"mse-test-set": 24.540530128683603, "mae-test-set": 0.059879600931304615, "exec-time": 3.161098270997172}