{"execution-time": 6258.784041655017, "best-training-loss": 1.099119734764099, "executed-for-epochs": 1000, "test-loss": 4.767987251281738, "validation-loss": 4.767987251281738}