{"mse-test-set": 20.745819344005913, "mae-test-set": 0.04160704056230881, "exec-time": 3.2001234049967024}