{"mse-test-set": 29.013014538092783, "mae-test-set": 0.042099273639658576, "exec-time": 1.1381729580025421}