{"mse-test-set": 23.461099825342245, "mae-test-set": 0.054244722915818465, "exec-time": 0.002721910990658216}