{"mse-test-set": 134.79724726121412, "mae-test-set": 0.0573541965970356, "exec-time": 3.3114115560019854}