{"mse-test-set": 26.065886250698778, "mae-test-set": 0.053322662597374636, "exec-time": 0.8653799610037822}