{"mse-test-set": 40.35504929385292, "mae-test-set": 0.053572773758064504, "exec-time": 0.0033648300013737753}