{"mse-test-set": 26.658186049953954, "mae-test-set": 0.059773659886196075, "exec-time": 0.0028279959951760247}