{"mse-test-set": 15.268244372680632, "mae-test-set": 0.049624366550174576, "exec-time": 3.2277581809903495}