{"mse-test-set": 12.573718830215808, "mae-test-set": 0.04775505856795726, "exec-time": 0.9226348380034324}