{"mse-test-set": 14.176120101669827, "mae-test-set": 0.05066098852186897, "exec-time": 0.002742495998973027}