{"mse-test-set": 20.277954429864923, "mae-test-set": 0.04488736154131459, "exec-time": 1.1038877229875652}