{"mse-test-set": 9.655309286594806, "mae-test-set": 0.0556588711861617, "exec-time": 3.2923030920064775}