{"mse-test-set": 15.219408791280577, "mae-test-set": 0.07209827900199971, "exec-time": 0.004239114001393318}