{"mse-test-set": 6.253437458364493, "mae-test-set": 0.04265917889947937, "exec-time": 3.288581521002925}