{"mse-test-set": 17.53317093788494, "mae-test-set": 0.05194015291905612, "exec-time": 0.0028990029968554154}