{"mse-test-set": 64.6195625881941, "mae-test-set": 0.05268453512721423, "exec-time": 3.3144492790015647}