{"mse-test-set": 2.7753112355105034, "mae-test-set": 0.028916840518584085, "exec-time": 0.0011374419991625473}