{"mse-test-set": 54.83076147582366, "mae-test-set": 0.04052509026890454, "exec-time": 2.5212051770067774}