{"mse-test-set": 14.630797566452458, "mae-test-set": 0.04095422505331854, "exec-time": 0.6178162090072874}