{"mse-test-set": 22.61185890986729, "mae-test-set": 0.0702044994548875, "exec-time": 0.46658222199766897}