{"mse-test-set": 130.89930422818108, "mae-test-set": 0.05893725764199535, "exec-time": 0.002741881995461881}