{"mse-test-set": 23.461885577653447, "mae-test-set": 0.05489269128699105, "exec-time": 3.1963545290054753}