{"mse-test-set": 11.380113785910348, "mae-test-set": 0.05596946309887884, "exec-time": 3.0847155149967875}