{"execution-time": 6263.237127102097, "best-training-loss": 1.2413762927055358, "executed-for-epochs": 1000, "test-loss": 9.186614990234375, "validation-loss": 9.186614990234375}