{"mse-test-set": 47.25117119371355, "mae-test-set": 0.0600930244623755, "exec-time": 3.14509851000912}