{"mse-test-set": 3.514416293621649, "mae-test-set": 0.04214311115713663, "exec-time": 0.002720525997574441}