{"mse-test-set": 4.363992652657303, "mae-test-set": 0.04791977766930858, "exec-time": 1.472877851992962}