{"mse-test-set": 50.88608324832206, "mae-test-set": 0.05890614368673374, "exec-time": 0.00285039099981077}