{"mse-test-set": 37.397640170019, "mae-test-set": 0.048834580159534215, "exec-time": 0.8558716250117868}