{"mse-test-set": 26.8822626514563, "mae-test-set": 0.07701047406180472, "exec-time": 0.0029902009991928935}