{"mse-test-set": 40.97935078735217, "mae-test-set": 0.05395933815401368, "exec-time": 3.267410263986676}