{"mse-test-set": 4.671722148613061, "mae-test-set": 0.03504529645507995, "exec-time": 0.0016674200014676899}