{"mse-test-set": 3.1546835835656606, "mae-test-set": 0.03849137387934051, "exec-time": 1.1532356899988372}