{"execution-time": 5553.997330061975, "best-training-loss": 0.3932329515616099, "executed-for-epochs": 1000, "test-loss": 0.6123067140579224, "validation-loss": 0.6123067140579224}