{"mse-test-set": 15.16841126098184, "mae-test-set": 0.05394112213822834, "exec-time": 3.159909227004391}