{"execution-time": 1772.2266315349843, "best-training-loss": 0.9493288695812225, "executed-for-epochs": 1000, "test-loss": 2.823979616165161, "validation-loss": 2.823979616165161}