{"execution-time": 10938.202865065075, "best-training-loss": 0.743366805712382, "executed-for-epochs": 1000, "test-loss": 1.3589657545089722, "validation-loss": 1.3589657545089722}