{"mse-test-set": 2.667320711539758, "mae-test-set": 0.029515076479040395, "exec-time": 0.7765949460008414}