{"mse-test-set": 6.313185445220515, "mae-test-set": 0.0279343315041639, "exec-time": 0.5732087649957975}