{"mse-test-set": 36.17606919364769, "mae-test-set": 0.05685677068332918, "exec-time": 0.003076823995797895}