{"mse-test-set": 9.849320004373773, "mae-test-set": 0.03058722711576625, "exec-time": 0.49298269698920194}