{"mse-test-set": 51.214629682314566, "mae-test-set": 0.06168978105581857, "exec-time": 3.2818541180022294}