{"execution-time": 5335.013822159963, "best-training-loss": 1.264421006043752, "executed-for-epochs": 1000, "test-loss": 6.524009704589844, "validation-loss": 6.524009704589844}