{"mse-test-set": 30.893505309644954, "mae-test-set": 0.06709838578286739, "exec-time": 1.1482219610043103}