{"mse-test-set": 10.409661902539701, "mae-test-set": 0.034121463273311, "exec-time": 0.9238186529983068}