{"mse-test-set": 3.062783106817885, "mae-test-set": 0.037564029973024174, "exec-time": 0.8735794370004442}