{"mse-test-set": 27.259049127853054, "mae-test-set": 0.06520602847423096, "exec-time": 3.206174626000575}