{"mse-test-set": 25.809119937125516, "mae-test-set": 0.060667408262507286, "exec-time": 3.216482130010263}