{"mse-test-set": 27.711077438735863, "mae-test-set": 0.058335790066294316, "exec-time": 1.1742072100023506}