{"mse-test-set": 40.492742246696174, "mae-test-set": 0.036624449196092326, "exec-time": 1.307903635999537}