{"mse-test-set": 2.4038181356860053, "mae-test-set": 0.03371339899297264, "exec-time": 1.907523219997529}