{"execution-time": 1784.1404915070161, "best-training-loss": 0.8449612110853195, "executed-for-epochs": 1000, "test-loss": 2.8605713844299316, "validation-loss": 2.8605713844299316}