{"mse-test-set": 14.177070818293803, "mae-test-set": 0.05099584474815022, "exec-time": 0.7570721449883422}