{"mse-test-set": 3.110694352922038, "mae-test-set": 0.044678767579276954, "exec-time": 0.9774400429887464}