{"execution-time": 7898.431324122008, "best-training-loss": 1.2897705872853598, "executed-for-epochs": 1000, "test-loss": 8.685723304748535, "validation-loss": 8.685723304748535}