{"execution-time": 8746.413804785, "best-training-loss": 1.039882779121399, "executed-for-epochs": 1000, "test-loss": 6.166458606719971, "validation-loss": 6.166458606719971}