{"execution-time": 7454.059769500978, "best-training-loss": 1.3778605858484905, "executed-for-epochs": 1000, "test-loss": 4.1398210525512695, "validation-loss": 4.1398210525512695}