{"mse-test-set": 8.188882949451715, "mae-test-set": 0.04272161171977653, "exec-time": 0.7507283550075954}