{"mse-test-set": 32.255803487846016, "mae-test-set": 0.041245006371372496, "exec-time": 1.7446382479975}