{"mse-test-set": 5.137732954241664, "mae-test-set": 0.03093272553247188, "exec-time": 1.008741400000872}