{"mse-test-set": 25.34073338466158, "mae-test-set": 0.062458705786328964, "exec-time": 3.2881011399877025}