{"execution-time": 7196.8671516350005, "best-training-loss": 0.5655552188555399, "executed-for-epochs": 1000, "test-loss": 2.6902661323547363, "validation-loss": 2.6902661323547363}