{"execution-time": 11525.711233385024, "best-training-loss": 1.5192234754562377, "executed-for-epochs": 1000, "test-loss": 8.297398567199707, "validation-loss": 8.297398567199707}