{"mse-test-set": 103.93123736580918, "mae-test-set": 0.06734020638052148, "exec-time": 3.1141885770048248}