{"mse-test-set": 8.465166892261534, "mae-test-set": 0.04543349029725571, "exec-time": 0.5412885440018727}