{"mse-test-set": 3.100678681172865, "mae-test-set": 0.030261543345322602, "exec-time": 0.0017793110018828884}