{"execution-time": 7523.466064546024, "best-training-loss": 1.3580551544825237, "executed-for-epochs": 1000, "test-loss": 6.159526348114014, "validation-loss": 6.159526348114014}