{"mse-test-set": 56.804407864041046, "mae-test-set": 0.06856097226133698, "exec-time": 0.753322862990899}