{"mse-test-set": 46.27589053103207, "mae-test-set": 0.06365110051394818, "exec-time": 0.003309146995889023}