{"mse-test-set": 68.03794301180872, "mae-test-set": 0.057046473348851726, "exec-time": 3.187095354995108}