{"execution-time": 6053.299236058956, "best-training-loss": 0.3791428049405416, "executed-for-epochs": 1000, "test-loss": 0.761169970035553, "validation-loss": 0.761169970035553}