{"execution-time": 7622.531223231927, "best-training-loss": 0.6801684459050497, "executed-for-epochs": 1000, "test-loss": 7.52949333190918, "validation-loss": 7.52949333190918}