{"mse-test-set": 47.66718944208996, "mae-test-set": 0.05071089032546708, "exec-time": 3.1624143730005017}