{"execution-time": 1795.555001802044, "best-training-loss": 0.7479123771190643, "executed-for-epochs": 1000, "test-loss": 1.4314396381378174, "validation-loss": 1.4314396381378174}