{"execution-time": 6339.247705018031, "best-training-loss": 0.8243055979410807, "executed-for-epochs": 1000, "test-loss": 6.444277286529541, "validation-loss": 6.444277286529541}