{"mse-test-set": 30.070437850008997, "mae-test-set": 0.06601518922194363, "exec-time": 0.0026689679943956435}