{"mse-test-set": 5.896508433834125, "mae-test-set": 0.04159326859352583, "exec-time": 1.2902825760102132}