{"mse-test-set": 28.175437100178556, "mae-test-set": 0.07973276050354575, "exec-time": 0.002729433006606996}