{"mse-test-set": 62.842037936663544, "mae-test-set": 0.05431766705133062, "exec-time": 3.2075733430101536}