{"mse-test-set": 30.221624569515928, "mae-test-set": 0.05791820496966768, "exec-time": 3.2123517309955787}