{"mse-test-set": 8.64609476351493, "mae-test-set": 0.04817502465819564, "exec-time": 3.185305564009468}