{"execution-time": 1762.5985197449336, "best-training-loss": 1.0649235397577286, "executed-for-epochs": 1000, "test-loss": 2.983180522918701, "validation-loss": 2.983180522918701}