{"execution-time": 11264.615856974036, "best-training-loss": 0.8362427314122518, "executed-for-epochs": 1000, "test-loss": 3.1763179302215576, "validation-loss": 3.1763179302215576}