{"mse-test-set": 7.264007933885745, "mae-test-set": 0.03922291269315222, "exec-time": 3.0399497909966158}