{"mse-test-set": 20.028000673287405, "mae-test-set": 0.053251953353183196, "exec-time": 1.2027811529987957}