{"mse-test-set": 33.66245929953136, "mae-test-set": 0.04721014039836902, "exec-time": 0.6765850789961405}