{"execution-time": 11391.106979263946, "best-training-loss": 1.2591923395792644, "executed-for-epochs": 1000, "test-loss": 9.764423370361328, "validation-loss": 9.764423370361328}