{"execution-time": 8861.522723814938, "best-training-loss": 1.2066438833872477, "executed-for-epochs": 1000, "test-loss": 9.79029369354248, "validation-loss": 9.79029369354248}