{"mse-test-set": 53.95016781061863, "mae-test-set": 0.05516846980660724, "exec-time": 0.0030446909950114787}