{"mse-test-set": 4.297205322764614, "mae-test-set": 0.048344438959574756, "exec-time": 0.0017176350083900616}