{"mse-test-set": 36.52833761464864, "mae-test-set": 0.04629297431699378, "exec-time": 0.7932441129960353}