{"mse-test-set": 6.097604384223736, "mae-test-set": 0.042456653771832706, "exec-time": 0.002775365996058099}