{"mse-test-set": 7.5222257525185805, "mae-test-set": 0.043193741531243175, "exec-time": 0.5236090690013953}