{"execution-time": 6240.120562196011, "best-training-loss": 1.0851694266001384, "executed-for-epochs": 1000, "test-loss": 9.618087768554688, "validation-loss": 9.618087768554688}