{"mse-test-set": 8.82909428600997, "mae-test-set": 0.03785724230262384, "exec-time": 0.4763067489984678}