{"execution-time": 9876.59055904497, "best-training-loss": 2.273617426554362, "executed-for-epochs": 1000, "test-loss": 16.652109146118164, "validation-loss": 16.652109146118164}