{"mse-test-set": 36.396713769317095, "mae-test-set": 0.08201332474001209, "exec-time": 3.108090127003379}