{"execution-time": 6324.031336279935, "best-training-loss": 0.9650609612464904, "executed-for-epochs": 1000, "test-loss": 6.031377792358398, "validation-loss": 6.031377792358398}