{"execution-time": 7515.516482103034, "best-training-loss": 1.3715941667556764, "executed-for-epochs": 1000, "test-loss": 8.681903839111328, "validation-loss": 8.681903839111328}