{"mse-test-set": 65.39453803784724, "mae-test-set": 0.06757813854879828, "exec-time": 3.3061847559874877}