{"mse-test-set": 64.37573091845915, "mae-test-set": 0.10571276237734725, "exec-time": 0.002649728994583711}