{"mse-test-set": 7.56579382772374, "mae-test-set": 0.04047781266358208, "exec-time": 0.7164453050063457}