{"mse-test-set": 109.90278695608096, "mae-test-set": 0.04741656745685912, "exec-time": 0.0025545850076014176}