{"mse-test-set": 42.59342570717832, "mae-test-set": 0.034394473204188175, "exec-time": 0.44235072199080605}