{"mse-test-set": 28.659189767010062, "mae-test-set": 0.050385157427285054, "exec-time": 0.003657735011074692}