{"mse-test-set": 10.414448959201804, "mae-test-set": 0.0771006254014074, "exec-time": 0.0032267389906337485}