{"execution-time": 11725.710078359, "best-training-loss": 1.9024995565414429, "executed-for-epochs": 1000, "test-loss": 12.684186935424805, "validation-loss": 12.684186935424805}