{"execution-time": 5998.983105778927, "best-training-loss": 1.2450406710306803, "executed-for-epochs": 1000, "test-loss": 6.628139495849609, "validation-loss": 6.628139495849609}