{"execution-time": 11808.816187712015, "best-training-loss": 2.340689690907796, "executed-for-epochs": 1000, "test-loss": 23.460304260253906, "validation-loss": 23.460304260253906}