{"mse-test-set": 16.02309074206337, "mae-test-set": 0.05531867528346888, "exec-time": 3.1949487930105533}