{"execution-time": 7466.005398166017, "best-training-loss": 1.1261234720547995, "executed-for-epochs": 1000, "test-loss": 8.591573715209961, "validation-loss": 8.591573715209961}