{"execution-time": 1532.141573731904, "best-training-loss": 0.7568936745325724, "executed-for-epochs": 1000, "test-loss": 1.070527195930481, "validation-loss": 1.070527195930481}