{"execution-time": 3082.554044446093, "best-training-loss": 0.504334752758344, "executed-for-epochs": 1000, "test-loss": 0.6736160516738892, "validation-loss": 0.6736160516738892}