{"mse-test-set": 28.385130242469494, "mae-test-set": 0.06154054141055839, "exec-time": 0.8178673139918828}