{"mse-test-set": 7.910889112765215, "mae-test-set": 0.04276136393077802, "exec-time": 3.1731745680008316}