{"execution-time": 7434.277120932005, "best-training-loss": 1.291380802790324, "executed-for-epochs": 1000, "test-loss": 6.066225051879883, "validation-loss": 6.066225051879883}