{"mse-test-set": 20.975901018493982, "mae-test-set": 0.03929866057425819, "exec-time": 0.002668670000275597}