{"execution-time": 1769.9795855389675, "best-training-loss": 0.8824000507593155, "executed-for-epochs": 1000, "test-loss": 1.7786542177200317, "validation-loss": 1.7786542177200317}