{"mse-test-set": 14.805167208292628, "mae-test-set": 0.04826095781586652, "exec-time": 3.2400786450016312}