{"execution-time": 11238.48570607102, "best-training-loss": 0.8651563286781311, "executed-for-epochs": 1000, "test-loss": 4.964385032653809, "validation-loss": 4.964385032653809}