{"mse-test-set": 6.427223409070833, "mae-test-set": 0.027129443205115355, "exec-time": 1.534734113010927}