{"mse-test-set": 3.557480111983758, "mae-test-set": 0.0338882251837368, "exec-time": 1.1920521410065703}