{"mse-test-set": 122.19343322051319, "mae-test-set": 0.07863627316023264, "exec-time": 3.184956194992992}