{"execution-time": 7410.027829363942, "best-training-loss": 0.7836505532264709, "executed-for-epochs": 1000, "test-loss": 4.777113437652588, "validation-loss": 4.777113437652588}