{"mse-test-set": 22.62927033974396, "mae-test-set": 0.038263679852446164, "exec-time": 1.9496089959866367}