{"mse-test-set": 3.1808707595346495, "mae-test-set": 0.028784160819444855, "exec-time": 1.634573184986948}