{"mse-test-set": 27.34489120388298, "mae-test-set": 0.062189824913628795, "exec-time": 0.0028262270061532035}