{"execution-time": 6833.775613800972, "best-training-loss": 0.471656862894694, "executed-for-epochs": 1000, "test-loss": 0.8694068789482117, "validation-loss": 0.8694068789482117}