{"execution-time": 3609.5375258419663, "best-training-loss": 0.4968322366476059, "executed-for-epochs": 1000, "test-loss": 0.8062644004821777, "validation-loss": 0.8062644004821777}