{"mse-test-set": 119.63616632323497, "mae-test-set": 0.08582090649657383, "exec-time": 0.003281716999481432}