{"mse-test-set": 4.6172369927738695, "mae-test-set": 0.03511998877949111, "exec-time": 0.9158321529976092}