{"mse-test-set": 10.10784655828279, "mae-test-set": 0.057141459169456524, "exec-time": 0.0030420539987972006}