{"mse-test-set": 38.443227254909246, "mae-test-set": 0.08675793460656349, "exec-time": 0.0028156710031908005}