{"mse-test-set": 25.816572783274204, "mae-test-set": 0.06353620299079425, "exec-time": 3.5036003260029247}