{"mse-test-set": 15.133137076986127, "mae-test-set": 0.05616094339614205, "exec-time": 0.7363699790003011}