{"mse-test-set": 40.707773312274234, "mae-test-set": 0.051033482618012854, "exec-time": 3.1873402539931703}