{"mse-test-set": 14.682046840498137, "mae-test-set": 0.046733227405295744, "exec-time": 0.003694240003824234}