{"mse-test-set": 28.508840583939833, "mae-test-set": 0.05692312668185854, "exec-time": 0.002705480990698561}