{"mse-test-set": 13.609128244044815, "mae-test-set": 0.06681519560324224, "exec-time": 1.1975547699985327}