{"mse-test-set": 19.48310403475537, "mae-test-set": 0.07397674750178339, "exec-time": 0.002885079986299388}