{"mse-test-set": 23.538197306926346, "mae-test-set": 0.051146939740312064, "exec-time": 0.0027425260050222278}