{"mse-test-set": 10.766146016540779, "mae-test-set": 0.05472517605792058, "exec-time": 0.6950591079948936}