{"mse-test-set": 3.8227115943679655, "mae-test-set": 0.043078772058195054, "exec-time": 3.255114733998198}