{"mse-test-set": 3.082531859385099, "mae-test-set": 0.03003943527793816, "exec-time": 0.8825309199892217}