{"execution-time": 1780.4581985860132, "best-training-loss": 0.8199569284915924, "executed-for-epochs": 1000, "test-loss": 2.1935653686523438, "validation-loss": 2.1935653686523438}