{"mse-test-set": 55.52691161319337, "mae-test-set": 0.05733997709677632, "exec-time": 3.21763715200359}