{"mse-test-set": 15.37185166768073, "mae-test-set": 0.052652345113257656, "exec-time": 0.0026942270051222295}