{"mse-test-set": 7.125679511129662, "mae-test-set": 0.03221530245951545, "exec-time": 0.0016221760015469044}