{"mse-test-set": 34.095455875922184, "mae-test-set": 0.08743739100768112, "exec-time": 0.002742176002357155}