{"mse-test-set": 41.03278086177398, "mae-test-set": 0.053436178124791484, "exec-time": 3.1179068769997684}