{"execution-time": 5357.627678100951, "best-training-loss": 0.9797253847122193, "executed-for-epochs": 1000, "test-loss": 5.418342590332031, "validation-loss": 5.418342590332031}