{"execution-time": 6313.732034284971, "best-training-loss": 0.8975554426511129, "executed-for-epochs": 1000, "test-loss": 3.6182596683502197, "validation-loss": 3.6182596683502197}