{"execution-time": 9957.004067927948, "best-training-loss": 1.5245258410771687, "executed-for-epochs": 1000, "test-loss": 10.547758102416992, "validation-loss": 10.547758102416992}