{"mse-test-set": 33.299237595608254, "mae-test-set": 0.08226517434269953, "exec-time": 1.1453036229941063}