{"mse-test-set": 31.523531609168916, "mae-test-set": 0.07712612866481629, "exec-time": 0.0029715060081798583}