{"mse-test-set": 7.733037222858733, "mae-test-set": 0.04061277206630127, "exec-time": 0.0027660090127028525}