{"execution-time": 8478.753648198093, "best-training-loss": 2.2007378498713175, "executed-for-epochs": 1000, "test-loss": 18.21950340270996, "validation-loss": 18.21950340270996}