{"execution-time": 11549.919638222898, "best-training-loss": 1.6882253646850587, "executed-for-epochs": 1000, "test-loss": 9.51744270324707, "validation-loss": 9.51744270324707}