{"mse-test-set": 20.28233155631158, "mae-test-set": 0.0818204449246364, "exec-time": 3.2217859249940375}