{"execution-time": 8964.264904257958, "best-training-loss": 1.6408867915471395, "executed-for-epochs": 1000, "test-loss": 10.50545883178711, "validation-loss": 10.50545883178711}