{"mse-test-set": 27.976867222545902, "mae-test-set": 0.0775209231119642, "exec-time": 0.6894205900025554}