{"mse-test-set": 22.271239283048622, "mae-test-set": 0.054156186872041545, "exec-time": 0.0027037690015276894}