{"mse-test-set": 7.80712266198393, "mae-test-set": 0.0413420874176988, "exec-time": 0.6633468669897411}