{"mse-test-set": 29.5959528592187, "mae-test-set": 0.04678896546144377, "exec-time": 1.1022463020053692}