{"mse-test-set": 31.156757163305837, "mae-test-set": 0.05173371784438437, "exec-time": 0.0044091130112065}