{"mse-test-set": 20.341875347704278, "mae-test-set": 0.07579375568714324, "exec-time": 0.40598030599358026}