{"mse-test-set": 31.21390598523931, "mae-test-set": 0.06400089867760028, "exec-time": 3.2892709439911414}