{"mse-test-set": 12.867846874854422, "mae-test-set": 0.05566912845296637, "exec-time": 3.2529583620053018}