{"mse-test-set": 10.592800292075713, "mae-test-set": 0.06641871530936518, "exec-time": 3.250629349000519}