{"mse-test-set": 3.003936800692829, "mae-test-set": 0.0374305229644781, "exec-time": 1.1413742620061385}