{"mse-test-set": 3.5495795726972723, "mae-test-set": 0.03401238848519169, "exec-time": 0.8823842700076057}