{"execution-time": 4011.9747897280613, "best-training-loss": 0.9675822002547128, "executed-for-epochs": 1000, "test-loss": 2.302055597305298, "validation-loss": 2.302055597305298}