{"mse-test-set": 24.18979081172327, "mae-test-set": 0.05392805790110347, "exec-time": 0.8462191649887245}