{"mse-test-set": 3.1081892343010353, "mae-test-set": 0.03234146091742074, "exec-time": 0.857301265001297}