{"execution-time": 6408.721492943005, "best-training-loss": 0.9692070007324218, "executed-for-epochs": 1000, "test-loss": 5.268287658691406, "validation-loss": 5.268287658691406}