{"mse-test-set": 9.360183327116705, "mae-test-set": 0.04691450031311221, "exec-time": 0.002824898998369463}