{"mse-test-set": 33.11072040315795, "mae-test-set": 0.08148653073371806, "exec-time": 3.3953167750005377}