{"execution-time": 6891.489441410056, "best-training-loss": 0.5859981576601664, "executed-for-epochs": 1000, "test-loss": 0.8500928282737732, "validation-loss": 0.8500928282737732}