{"mse-test-set": 10.695338812086236, "mae-test-set": 0.054696449536317374, "exec-time": 0.002662215003510937}