{"mse-test-set": 17.177475926881733, "mae-test-set": 0.08478113124221748, "exec-time": 0.002900947001762688}