{"mse-test-set": 14.37682353766831, "mae-test-set": 0.031230412521268784, "exec-time": 2.1340803039929597}