{"mse-test-set": 23.911241087315545, "mae-test-set": 0.04825371289126032, "exec-time": 0.8407120039919391}