{"mse-test-set": 26.794807162772994, "mae-test-set": 0.07423499803568963, "exec-time": 1.2343397460062988}