{"mse-test-set": 37.6376368224298, "mae-test-set": 0.051613093245324725, "exec-time": 0.002869339004973881}