{"execution-time": 7193.297980359057, "best-training-loss": 0.765510638554891, "executed-for-epochs": 1000, "test-loss": 2.869962215423584, "validation-loss": 2.869962215423584}