{"mse-test-set": 12.88637307361032, "mae-test-set": 0.04839800995090083, "exec-time": 0.0027402319974498823}