{"mse-test-set": 19.67397895308523, "mae-test-set": 0.053660554491441026, "exec-time": 0.002762199001153931}