{"mse-test-set": 8.43368719583597, "mae-test-set": 0.042653721569053955, "exec-time": 0.0036144259938737378}