{"execution-time": 7387.447408500011, "best-training-loss": 0.7856884558995565, "executed-for-epochs": 1000, "test-loss": 2.5510783195495605, "validation-loss": 2.5510783195495605}