{"mse-test-set": 49.204948055593746, "mae-test-set": 0.054392256977167236, "exec-time": 0.6455251470033545}