{"mse-test-set": 28.800665030511983, "mae-test-set": 0.05139160957664281, "exec-time": 0.002691269008209929}