{"execution-time": 6314.615589325083, "best-training-loss": 1.2549338897069295, "executed-for-epochs": 1000, "test-loss": 6.788923740386963, "validation-loss": 6.788923740386963}