{"mse-test-set": 10.101446325249817, "mae-test-set": 0.04738662871600586, "exec-time": 3.15791415599233}