{"execution-time": 6958.422471493017, "best-training-loss": 0.7970883713828193, "executed-for-epochs": 1000, "test-loss": 1.463731288909912, "validation-loss": 1.463731288909912}