{"execution-time": 11691.087979136035, "best-training-loss": 1.5699960152308146, "executed-for-epochs": 1000, "test-loss": 12.28557014465332, "validation-loss": 12.28557014465332}