{"mse-test-set": 7.187554119471272, "mae-test-set": 0.03139094376894354, "exec-time": 1.2086075719998917}