{"mse-test-set": 6.96084563776936, "mae-test-set": 0.039171303988837565, "exec-time": 3.2143376400053967}