{"mse-test-set": 85.27744375854478, "mae-test-set": 0.05044113723218367, "exec-time": 1.499061911003082}