{"mse-test-set": 21.109238503580425, "mae-test-set": 0.04422408907415001, "exec-time": 0.9399187039962271}