{"mse-test-set": 2.1326281100735103, "mae-test-set": 0.03293935747886449, "exec-time": 0.9839456119952956}