{"mse-test-set": 34.23705823757625, "mae-test-set": 0.07577552359870827, "exec-time": 0.6108485660079168}