{"mse-test-set": 70.51479879631346, "mae-test-set": 0.04406488333010349, "exec-time": 0.0025049980031326413}