{"execution-time": 7646.796073545935, "best-training-loss": 1.170467487970988, "executed-for-epochs": 1000, "test-loss": 4.5586652755737305, "validation-loss": 4.5586652755737305}