{"mse-test-set": 21.04333199147684, "mae-test-set": 0.051980095425494054, "exec-time": 0.002800631002173759}