{"mse-test-set": 42.0940869441145, "mae-test-set": 0.04209351495745625, "exec-time": 0.003800584003329277}