{"execution-time": 11751.83877594606, "best-training-loss": 1.6960980415344238, "executed-for-epochs": 1000, "test-loss": 9.798858642578125, "validation-loss": 9.798858642578125}