{"mse-test-set": 6.2879434195602215, "mae-test-set": 0.0280645812648657, "exec-time": 0.0021970480011077598}