{"mse-test-set": 20.264987073830227, "mae-test-set": 0.04996274890388956, "exec-time": 3.2235932479961775}