{"execution-time": 7633.254309569951, "best-training-loss": 1.2659825007120769, "executed-for-epochs": 1000, "test-loss": 7.167343616485596, "validation-loss": 7.167343616485596}