{"mse-test-set": 8.343364380846793, "mae-test-set": 0.07451270085092537, "exec-time": 0.0030953669920563698}