{"mse-test-set": 4.092370480148617, "mae-test-set": 0.029059535814791548, "exec-time": 1.4737919489998603}