{"mse-test-set": 30.749639385149905, "mae-test-set": 0.05041859394387594, "exec-time": 0.002825572999427095}