{"execution-time": 6071.924030554015, "best-training-loss": 0.6835448940594991, "executed-for-epochs": 1000, "test-loss": 2.088463306427002, "validation-loss": 2.088463306427002}