{"execution-time": 11356.675383263035, "best-training-loss": 1.0091741840044657, "executed-for-epochs": 1000, "test-loss": 2.929927349090576, "validation-loss": 2.929927349090576}