{"mse-test-set": 27.168389257663666, "mae-test-set": 0.05919478946749617, "exec-time": 0.0026963479904225096}