{"mse-test-set": 29.36899765287425, "mae-test-set": 0.06565409808993565, "exec-time": 0.4716370829992229}