{"mse-test-set": 3.146180733824553, "mae-test-set": 0.03018272314994483, "exec-time": 1.408662067988189}