{"execution-time": 5589.553390824003, "best-training-loss": 0.4889827503098382, "executed-for-epochs": 1000, "test-loss": 1.1728544235229492, "validation-loss": 1.1728544235229492}