{"mse-test-set": 3.2044874216955015, "mae-test-set": 0.04076036847268932, "exec-time": 1.019316781006637}