{"execution-time": 8826.647376160021, "best-training-loss": 1.0597867528597513, "executed-for-epochs": 1000, "test-loss": 5.025867938995361, "validation-loss": 5.025867938995361}