{"execution-time": 6110.771666332963, "best-training-loss": 0.5495658218860626, "executed-for-epochs": 1000, "test-loss": 1.944091796875, "validation-loss": 1.944091796875}