{"mse-test-set": 27.580242972005284, "mae-test-set": 0.06005585542804268, "exec-time": 0.0027946020127274096}