{"mse-test-set": 24.497336854470923, "mae-test-set": 0.054056072914853204, "exec-time": 3.2349770550063113}