{"mse-test-set": 8.810096006401208, "mae-test-set": 0.058206869230679165, "exec-time": 3.2489793069980806}