{"mse-test-set": 28.181485795469253, "mae-test-set": 0.09067219601904941, "exec-time": 3.1376200079976115}