{"mse-test-set": 13.96096670025707, "mae-test-set": 0.05128852837254378, "exec-time": 0.7635248529986711}