{"mse-test-set": 58.664758913198106, "mae-test-set": 0.0782755710210157, "exec-time": 3.176704001001781}