{"mse-test-set": 10.770869372580515, "mae-test-set": 0.06773921017902317, "exec-time": 3.16344151100202}