{"execution-time": 11354.50170290703, "best-training-loss": 0.921005101998647, "executed-for-epochs": 1000, "test-loss": 3.7167086601257324, "validation-loss": 3.7167086601257324}