{"execution-time": 11796.392855857033, "best-training-loss": 2.2536819219589233, "executed-for-epochs": 1000, "test-loss": 23.34453773498535, "validation-loss": 23.34453773498535}