{"mse-test-set": 3.402344718096764, "mae-test-set": 0.043031426077466656, "exec-time": 0.0026273989933542907}