{"mse-test-set": 10.186524301255172, "mae-test-set": 0.04551406670187093, "exec-time": 3.22954256599769}