{"mse-test-set": 7.852636399510206, "mae-test-set": 0.05757752444436516, "exec-time": 3.70464949500456}