{"execution-time": 11499.47026339802, "best-training-loss": 1.3622605244318644, "executed-for-epochs": 1000, "test-loss": 8.192840576171875, "validation-loss": 8.192840576171875}