{"mse-test-set": 20.292888083731757, "mae-test-set": 0.042160304533417216, "exec-time": 0.6521928120055236}