{"mse-test-set": 2.7439119829166834, "mae-test-set": 0.026751397862893305, "exec-time": 1.0185579509998206}