{"mse-test-set": 12.831861041201547, "mae-test-set": 0.04592702441760636, "exec-time": 0.8203031589946477}