{"mse-test-set": 3.097950774607783, "mae-test-set": 0.02726054613176872, "exec-time": 0.00169372399977874}