{"mse-test-set": 3.4868707059895434, "mae-test-set": 0.0298274585075385, "exec-time": 0.0017179019923787564}