{"mse-test-set": 24.089470783784087, "mae-test-set": 0.06161981867593502, "exec-time": 0.005374885993660428}