{"mse-test-set": 27.02121397532411, "mae-test-set": 0.05002272254907275, "exec-time": 0.002610572992125526}