{"mse-test-set": 35.98618245130564, "mae-test-set": 0.05203053866305281, "exec-time": 3.7809116629941855}