{"execution-time": 9057.438941963948, "best-training-loss": 2.001956582069397, "executed-for-epochs": 1000, "test-loss": 18.339609146118164, "validation-loss": 18.339609146118164}