{"execution-time": 8956.216270144098, "best-training-loss": 1.392289368311564, "executed-for-epochs": 1000, "test-loss": 9.007307052612305, "validation-loss": 9.007307052612305}