{"mse-test-set": 117.8952808962854, "mae-test-set": 0.059770586108009865, "exec-time": 3.1715181009931257}