{"mse-test-set": 11.624547863319359, "mae-test-set": 0.030173364397730953, "exec-time": 2.189442330010934}