{"mse-test-set": 43.020726237310214, "mae-test-set": 0.07489571430437449, "exec-time": 1.1549043790000724}