{"mse-test-set": 12.565238427225006, "mae-test-set": 0.08871867155637864, "exec-time": 3.2238179950072663}