{"mse-test-set": 43.972029871100325, "mae-test-set": 0.04677683833304643, "exec-time": 0.002675020004971884}