{"mse-test-set": 8.917448177687584, "mae-test-set": 0.0416164865991003, "exec-time": 0.0027158400043845177}