{"execution-time": 11533.04532006802, "best-training-loss": 1.3686301946640014, "executed-for-epochs": 1000, "test-loss": 10.017851829528809, "validation-loss": 10.017851829528809}