{"mse-test-set": 8.459962989595155, "mae-test-set": 0.047678574685367556, "exec-time": 3.32310664599936}