{"mse-test-set": 83.29428493870108, "mae-test-set": 0.049907437659200825, "exec-time": 2.4751933090010425}