{"mse-test-set": 107.79041603504193, "mae-test-set": 0.06402242755629, "exec-time": 3.78953774299589}