{"mse-test-set": 2.7168960207346275, "mae-test-set": 0.029816457765978813, "exec-time": 0.00191400499898009}