{"mse-test-set": 62.88475513000851, "mae-test-set": 0.06334225522479367, "exec-time": 3.3556970709905727}