{"execution-time": 6228.09618454508, "best-training-loss": 0.6876051942507426, "executed-for-epochs": 1000, "test-loss": 3.077404737472534, "validation-loss": 3.077404737472534}