{"execution-time": 11852.015250656987, "best-training-loss": 1.7936255137125652, "executed-for-epochs": 1000, "test-loss": 11.954150199890137, "validation-loss": 11.954150199890137}