{"execution-time": 9314.013119369978, "best-training-loss": 2.026724926630656, "executed-for-epochs": 1000, "test-loss": 13.650357246398926, "validation-loss": 13.650357246398926}