{"mse-test-set": 33.18078200610633, "mae-test-set": 0.039576975360895904, "exec-time": 0.0018123479967471212}