{"mse-test-set": 54.97486885806745, "mae-test-set": 0.06574843548625861, "exec-time": 3.8288874159916304}