{"mse-test-set": 15.478670191222012, "mae-test-set": 0.05503466522714378, "exec-time": 0.0028627290012082085}