{"mse-test-set": 23.949483142007413, "mae-test-set": 0.041210794163414916, "exec-time": 0.0028318240074440837}