{"mse-test-set": 9.24727743531068, "mae-test-set": 0.03946328052651042, "exec-time": 3.2555275799968513}