{"mse-test-set": 86.98883911149363, "mae-test-set": 0.04522293891598157, "exec-time": 1.3975618519907584}