{"execution-time": 8700.87878162996, "best-training-loss": 1.0890951116879781, "executed-for-epochs": 1000, "test-loss": 5.446906566619873, "validation-loss": 5.446906566619873}