{"mse-test-set": 8.580102690100524, "mae-test-set": 0.047957429905658634, "exec-time": 0.0032325909996870905}