{"mse-test-set": 57.242384746591604, "mae-test-set": 0.04608207718762711, "exec-time": 2.048223841993604}