{"execution-time": 6345.354599418002, "best-training-loss": 1.4534833828608196, "executed-for-epochs": 1000, "test-loss": 6.590548992156982, "validation-loss": 6.590548992156982}