{"mse-test-set": 8.593405113911935, "mae-test-set": 0.04732940515710301, "exec-time": 0.002815538988215849}