{"mse-test-set": 10.550466068611618, "mae-test-set": 0.0645510752935703, "exec-time": 0.0026283649931428954}