{"mse-test-set": 9.511329287992867, "mae-test-set": 0.04523646145452273, "exec-time": 0.002669086999958381}