{"execution-time": 5237.528783992981, "best-training-loss": 0.7904711286226909, "executed-for-epochs": 1000, "test-loss": 3.1649162769317627, "validation-loss": 3.1649162769317627}