{"mse-test-set": 29.415807793305415, "mae-test-set": 0.0664872273929883, "exec-time": 3.1760457990021678}