{"mse-test-set": 24.115415668287106, "mae-test-set": 0.052785595638626975, "exec-time": 0.9348958570044488}