{"execution-time": 7027.571601975011, "best-training-loss": 0.731117061773936, "executed-for-epochs": 1000, "test-loss": 2.740450620651245, "validation-loss": 2.740450620651245}