{"mse-test-set": 19.000338090494886, "mae-test-set": 0.06650253513463097, "exec-time": 0.0029056670027785003}