{"execution-time": 10947.121865182999, "best-training-loss": 0.5958607633908589, "executed-for-epochs": 1000, "test-loss": 1.0649091005325317, "validation-loss": 1.0649091005325317}