{"mse-test-set": 39.401320421140476, "mae-test-set": 0.06078249868644386, "exec-time": 0.002613705990370363}