{"mse-test-set": 70.1851545818166, "mae-test-set": 0.058385550321525766, "exec-time": 0.00274658999114763}