{"execution-time": 11756.596188619034, "best-training-loss": 2.3811935901641847, "executed-for-epochs": 1000, "test-loss": 19.432697296142578, "validation-loss": 19.432697296142578}