{"execution-time": 5258.528708885075, "best-training-loss": 0.7671980023384094, "executed-for-epochs": 1000, "test-loss": 3.7163052558898926, "validation-loss": 3.7163052558898926}