{"mse-test-set": 27.09581702258308, "mae-test-set": 0.04664010642048223, "exec-time": 0.6398855320003349}