{"execution-time": 7329.819727366092, "best-training-loss": 0.9369244575500488, "executed-for-epochs": 1000, "test-loss": 2.705739736557007, "validation-loss": 2.705739736557007}