{"mse-test-set": 8.957510560103835, "mae-test-set": 0.06186693955921319, "exec-time": 3.107725620997371}