{"execution-time": 9136.305641721003, "best-training-loss": 1.2886035839716594, "executed-for-epochs": 1000, "test-loss": 8.859612464904785, "validation-loss": 8.859612464904785}