{"mse-test-set": 29.40384007109941, "mae-test-set": 0.06406128663474885, "exec-time": 3.224859362002462}