{"execution-time": 6281.305557245971, "best-training-loss": 0.9392743825912475, "executed-for-epochs": 1000, "test-loss": 3.0052714347839355, "validation-loss": 3.0052714347839355}