{"mse-test-set": 65.9012941360175, "mae-test-set": 0.06539630275572404, "exec-time": 3.126726361006149}