{"execution-time": 11063.291190249962, "best-training-loss": 1.0285427848498025, "executed-for-epochs": 1000, "test-loss": 5.017952919006348, "validation-loss": 5.017952919006348}