{"mse-test-set": 3.977322615185703, "mae-test-set": 0.03157704767770233, "exec-time": 0.75915025100403}