{"execution-time": 6028.380631445907, "best-training-loss": 0.5133140464623769, "executed-for-epochs": 1000, "test-loss": 1.876741886138916, "validation-loss": 1.876741886138916}