{"execution-time": 11221.887770416914, "best-training-loss": 1.0307921528816224, "executed-for-epochs": 1000, "test-loss": 4.342072010040283, "validation-loss": 4.342072010040283}