{"mse-test-set": 3.362588525386797, "mae-test-set": 0.04698823586014729, "exec-time": 0.8632638459966984}