{"mse-test-set": 9.283580289252846, "mae-test-set": 0.04660108187431413, "exec-time": 0.7589745110017247}