{"mse-test-set": 82.45368849370965, "mae-test-set": 0.05406666544855049, "exec-time": 0.0028430389938876033}