{"mse-test-set": 1.6775034129930326, "mae-test-set": 0.029698674634430964, "exec-time": 1.0350829889939632}