{"execution-time": 12279.790089438902, "best-training-loss": 1.3302995284398398, "executed-for-epochs": 1000, "test-loss": 9.63064956665039, "validation-loss": 9.63064956665039}