{"mse-test-set": 44.68372448045129, "mae-test-set": 0.050526951805614756, "exec-time": 3.215766838999116}