{"mse-test-set": 16.744321829740883, "mae-test-set": 0.04477651405823482, "exec-time": 0.7994456970045576}