{"execution-time": 11421.141119881999, "best-training-loss": 1.3133275826772055, "executed-for-epochs": 1000, "test-loss": 6.4836626052856445, "validation-loss": 6.4836626052856445}