{"execution-time": 8929.097144191968, "best-training-loss": 1.3424041668574016, "executed-for-epochs": 1000, "test-loss": 6.91736364364624, "validation-loss": 6.91736364364624}