{"mse-test-set": 74.9528172079969, "mae-test-set": 0.04828969757214008, "exec-time": 0.0027295589970890433}