{"execution-time": 7371.219351468026, "best-training-loss": 1.3073798418045044, "executed-for-epochs": 1000, "test-loss": 6.913583278656006, "validation-loss": 6.913583278656006}