{"mse-test-set": 43.7504495449117, "mae-test-set": 0.04594053021724464, "exec-time": 3.1256869939970784}