{"mse-test-set": 8.658467284654963, "mae-test-set": 0.060798021168174565, "exec-time": 3.298300569993444}