{"mse-test-set": 30.053678099687463, "mae-test-set": 0.050232400921671076, "exec-time": 0.002783710995572619}