{"mse-test-set": 28.155823279507995, "mae-test-set": 0.048686744163731706, "exec-time": 0.0026026730047306046}