{"execution-time": 7843.936545407982, "best-training-loss": 1.582282590866089, "executed-for-epochs": 1000, "test-loss": 10.352873802185059, "validation-loss": 10.352873802185059}