{"mse-test-set": 15.975810267650782, "mae-test-set": 0.05448903748439834, "exec-time": 0.8376207010005601}