{"mse-test-set": 2.601605498514467, "mae-test-set": 0.03586518277349225, "exec-time": 1.3805505319905933}