{"mse-test-set": 6.464713140342284, "mae-test-set": 0.03658835561860162, "exec-time": 0.8056504959968152}