{"mse-test-set": 14.018106860984451, "mae-test-set": 0.04968030195577466, "exec-time": 3.217026894999435}