{"mse-test-set": 24.256493907152798, "mae-test-set": 0.05816656072657953, "exec-time": 0.0027919980057049543}