{"execution-time": 9202.87414334889, "best-training-loss": 1.4881389737129211, "executed-for-epochs": 1000, "test-loss": 6.984260559082031, "validation-loss": 6.984260559082031}