{"mse-test-set": 28.011175268311604, "mae-test-set": 0.04276184288176079, "exec-time": 3.272129978009616}