{"execution-time": 6077.148439900018, "best-training-loss": 0.6740833282470703, "executed-for-epochs": 1000, "test-loss": 2.4110119342803955, "validation-loss": 2.4110119342803955}