{"mse-test-set": 3.234628265763075, "mae-test-set": 0.0401700960669849, "exec-time": 0.00280470700818114}