{"mse-test-set": 2.418007125190406, "mae-test-set": 0.03779089939876247, "exec-time": 1.0442639859975316}