{"execution-time": 11834.934823211981, "best-training-loss": 2.044579005241394, "executed-for-epochs": 1000, "test-loss": 13.365241050720215, "validation-loss": 13.365241050720215}