{"mse-test-set": 105.06430744494564, "mae-test-set": 0.08257449549367832, "exec-time": 3.395076104992768}