{"mse-test-set": 59.87878724012415, "mae-test-set": 0.05514744487000568, "exec-time": 0.002686189007363282}