{"execution-time": 9226.058086291072, "best-training-loss": 1.3171063760916393, "executed-for-epochs": 1000, "test-loss": 9.663835525512695, "validation-loss": 9.663835525512695}