{"mse-test-set": 12.428233668955945, "mae-test-set": 0.032002398669733874, "exec-time": 0.002132302994141355}