{"mse-test-set": 56.3314892012687, "mae-test-set": 0.048533646109063314, "exec-time": 1.4902028710057493}