{"mse-test-set": 29.158556871113483, "mae-test-set": 0.05221137613634573, "exec-time": 0.8856166059995303}