{"mse-test-set": 15.706933753991375, "mae-test-set": 0.07730166417073397, "exec-time": 0.0027309569995850325}