{"mse-test-set": 34.3587285106087, "mae-test-set": 0.08991729488812328, "exec-time": 0.0027547220088308677}