{"mse-test-set": 3.261352092834535, "mae-test-set": 0.032266320190659885, "exec-time": 0.0011952780041610822}