{"execution-time": 11355.737842358067, "best-training-loss": 1.3050742030143738, "executed-for-epochs": 1000, "test-loss": 9.56847095489502, "validation-loss": 9.56847095489502}