{"mse-test-set": 8.107175430405444, "mae-test-set": 0.05876065134653716, "exec-time": 1.0178070780093549}