{"mse-test-set": 17.48465423192156, "mae-test-set": 0.0509522162905608, "exec-time": 0.3866419670084724}