{"execution-time": 5943.567921139998, "best-training-loss": 0.7998558878898621, "executed-for-epochs": 1000, "test-loss": 2.220703601837158, "validation-loss": 2.220703601837158}