{"mse-test-set": 12.18257596308667, "mae-test-set": 0.05813290850674863, "exec-time": 0.002712820001761429}