{"mse-test-set": 2.5763087836793037, "mae-test-set": 0.05138044955735172, "exec-time": 0.8168699530069716}