{"mse-test-set": 15.65672651511399, "mae-test-set": 0.05502372733067149, "exec-time": 0.002907982998294756}