{"execution-time": 6260.401827360038, "best-training-loss": 0.8941370248794556, "executed-for-epochs": 1000, "test-loss": 4.24352502822876, "validation-loss": 4.24352502822876}