{"mse-test-set": 14.478100982445696, "mae-test-set": 0.05884064312771844, "exec-time": 3.2641972140118014}