{"mse-test-set": 4.620844369355369, "mae-test-set": 0.04765684602157531, "exec-time": 3.977397349997773}