{"mse-test-set": 7.600831900895949, "mae-test-set": 0.052328843441559046, "exec-time": 0.00294120199396275}