{"execution-time": 7733.8908454109915, "best-training-loss": 1.4256448825200398, "executed-for-epochs": 1000, "test-loss": 7.118077278137207, "validation-loss": 7.118077278137207}