{"mse-test-set": 8.588583694259643, "mae-test-set": 0.05595495196250869, "exec-time": 0.443288948998088}