{"mse-test-set": 4.850465898252322, "mae-test-set": 0.031309449859475834, "exec-time": 0.00201212998945266}