{"execution-time": 11578.398237481015, "best-training-loss": 1.8237010478973388, "executed-for-epochs": 1000, "test-loss": 15.617664337158203, "validation-loss": 15.617664337158203}