{"mse-test-set": 13.879061704176351, "mae-test-set": 0.041024152299313395, "exec-time": 0.6136533649987541}