{"mse-test-set": 25.746554340672027, "mae-test-set": 0.05647964165199131, "exec-time": 3.0666206699970644}