{"mse-test-set": 8.292307907383373, "mae-test-set": 0.04475394461858584, "exec-time": 0.0029371590062510222}