{"mse-test-set": 23.55612660729667, "mae-test-set": 0.06146032953512771, "exec-time": 3.1412101530004293}