{"mse-test-set": 9.855681241947376, "mae-test-set": 0.048865203748624714, "exec-time": 2.524319212010596}