{"execution-time": 11202.07563322899, "best-training-loss": 0.9131951848665874, "executed-for-epochs": 1000, "test-loss": 4.478863716125488, "validation-loss": 4.478863716125488}