{"mse-test-set": 3.013568467651637, "mae-test-set": 0.03233337267269659, "exec-time": 0.0012031410005874932}