{"mse-test-set": 3.3568216009703806, "mae-test-set": 0.03184101847931562, "exec-time": 0.0011768820113502443}