{"mse-test-set": 11.814732654804532, "mae-test-set": 0.09087489272081116, "exec-time": 3.2326807899953565}