{"mse-test-set": 4.570343595625924, "mae-test-set": 0.04885106179108018, "exec-time": 3.3057028890034417}