{"mse-test-set": 21.268240279422205, "mae-test-set": 0.048936406141341704, "exec-time": 0.719176852988312}