{"execution-time": 3640.0294051360106, "best-training-loss": 0.6759762068589529, "executed-for-epochs": 1000, "test-loss": 1.1090108156204224, "validation-loss": 1.1090108156204224}