{"mse-test-set": 87.10833610010044, "mae-test-set": 0.06473267641262444, "exec-time": 0.002865208007278852}