{"execution-time": 1729.3990537939826, "best-training-loss": 0.7371193915605545, "executed-for-epochs": 1000, "test-loss": 1.567585825920105, "validation-loss": 1.567585825920105}