{"mse-test-set": 18.16456895804442, "mae-test-set": 0.04746923959662882, "exec-time": 0.0033192419941769913}