{"mse-test-set": 21.652691401532678, "mae-test-set": 0.05271585881391856, "exec-time": 3.204197826999007}