{"mse-test-set": 28.020420223223606, "mae-test-set": 0.052066133791912904, "exec-time": 0.6505589110020082}