{"mse-test-set": 7.767594019834623, "mae-test-set": 0.044753626384538045, "exec-time": 3.164857653013314}