{"mse-test-set": 25.4842806265818, "mae-test-set": 0.05550414168915889, "exec-time": 0.0028989640122745186}