{"mse-test-set": 8.570276314390776, "mae-test-set": 0.03517189168304241, "exec-time": 0.001487250003265217}