{"execution-time": 6240.706151349936, "best-training-loss": 0.7760937690734864, "executed-for-epochs": 1000, "test-loss": 2.0574800968170166, "validation-loss": 2.0574800968170166}