{"mse-test-set": 18.099391097292497, "mae-test-set": 0.039558098028857215, "exec-time": 0.8955881420115475}