{"mse-test-set": 32.83479029003181, "mae-test-set": 0.0796275839734752, "exec-time": 0.0026876030024141073}