{"mse-test-set": 28.642577012852467, "mae-test-set": 0.05174739950979449, "exec-time": 2.0180426979932236}