{"mse-test-set": 8.067929809948085, "mae-test-set": 0.05061122999325961, "exec-time": 0.002758838003501296}