{"mse-test-set": 3.1340754018923507, "mae-test-set": 0.037900613998262236, "exec-time": 0.002756491012405604}