{"mse-test-set": 8.300071332722773, "mae-test-set": 0.0441244226008542, "exec-time": 3.281138495003688}