{"mse-test-set": 17.611312076989968, "mae-test-set": 0.04522324359796689, "exec-time": 0.913211509003304}