{"mse-test-set": 30.388513093944923, "mae-test-set": 0.056560190908161015, "exec-time": 3.210631663998356}