{"mse-test-set": 72.9397061688301, "mae-test-set": 0.04405175777107904, "exec-time": 1.020182346997899}