{"mse-test-set": 86.3397203815236, "mae-test-set": 0.05802001676192627, "exec-time": 3.2586006089986768}