{"mse-test-set": 26.282915633668935, "mae-test-set": 0.060890204917645095, "exec-time": 3.177970433011069}