{"execution-time": 9180.238676925073, "best-training-loss": 1.6714967409769694, "executed-for-epochs": 1000, "test-loss": 14.291422843933105, "validation-loss": 14.291422843933105}