{"mse-test-set": 14.22026409925769, "mae-test-set": 0.045396716754291695, "exec-time": 0.0033312220039078966}