{"mse-test-set": 91.75219214502673, "mae-test-set": 0.05204363129713282, "exec-time": 2.2043981369934045}