{"mse-test-set": 33.21232880255747, "mae-test-set": 0.07983854926059805, "exec-time": 3.294033975995262}