{"mse-test-set": 21.21732888467359, "mae-test-set": 0.04967773615375542, "exec-time": 1.3487021460023243}