{"mse-test-set": 7.970680671372871, "mae-test-set": 0.050161958850278056, "exec-time": 0.5401899209973635}