{"mse-test-set": 35.95231994651642, "mae-test-set": 0.05590138253698091, "exec-time": 3.104739955990226}