{"mse-test-set": 23.571315173282585, "mae-test-set": 0.058899729935098656, "exec-time": 3.175930420999066}