{"execution-time": 6333.629257122986, "best-training-loss": 1.2255016485850017, "executed-for-epochs": 1000, "test-loss": 7.035512924194336, "validation-loss": 7.035512924194336}