{"mse-test-set": 2.174573160906073, "mae-test-set": 0.03699021049317957, "exec-time": 1.01215269700333}