{"mse-test-set": 71.44171920482634, "mae-test-set": 0.0549022830893008, "exec-time": 1.7734912689920748}