{"mse-test-set": 14.987789388673878, "mae-test-set": 0.05218474135307091, "exec-time": 3.4852359409997007}