{"mse-test-set": 16.089516270444708, "mae-test-set": 0.05861290762674484, "exec-time": 0.003442691988311708}