{"mse-test-set": 31.286370158832543, "mae-test-set": 0.0951674227124833, "exec-time": 3.2889345150033478}