{"mse-test-set": 25.088270185359587, "mae-test-set": 0.05029705126251724, "exec-time": 0.002720603995840065}