{"mse-test-set": 65.9812329686897, "mae-test-set": 0.059338857043623364, "exec-time": 0.002697593008633703}