{"mse-test-set": 37.43980501940784, "mae-test-set": 0.056685659065739594, "exec-time": 1.2467001549957786}