{"mse-test-set": 6.83095585685413, "mae-test-set": 0.04995584762257418, "exec-time": 3.2146889340074267}