{"mse-test-set": 11.15992419813581, "mae-test-set": 0.0601542262065586, "exec-time": 3.2031201849895297}