{"mse-test-set": 6.61711947478355, "mae-test-set": 0.04552168314906973, "exec-time": 0.0029278379952302203}