{"mse-test-set": 48.95402398503157, "mae-test-set": 0.0844572955312168, "exec-time": 3.2383834719948936}