{"mse-test-set": 4.507808533805233, "mae-test-set": 0.044786550198211456, "exec-time": 0.0026163970032939687}