{"execution-time": 6192.324320217012, "best-training-loss": 0.8034690618515015, "executed-for-epochs": 1000, "test-loss": 2.44106388092041, "validation-loss": 2.44106388092041}