{"execution-time": 8929.474195796996, "best-training-loss": 1.745610737800598, "executed-for-epochs": 1000, "test-loss": 8.640430450439453, "validation-loss": 8.640430450439453}