{"mse-test-set": 16.971327945350087, "mae-test-set": 0.07545043267862403, "exec-time": 3.4443841859902022}