{"mse-test-set": 9.690689459686151, "mae-test-set": 0.07523509977909074, "exec-time": 1.2938285620039096}