{"mse-test-set": 31.010759904791644, "mae-test-set": 0.053703428538672535, "exec-time": 0.8328376169956755}