{"mse-test-set": 3.706028436227302, "mae-test-set": 0.04356510354748375, "exec-time": 1.3085561900079483}