{"mse-test-set": 31.43014138026071, "mae-test-set": 0.05963003330188448, "exec-time": 3.3290796029905323}