{"execution-time": 3865.771940079052, "best-training-loss": 1.4456235617399216, "executed-for-epochs": 1000, "test-loss": 4.204330921173096, "validation-loss": 4.204330921173096}