{"mse-test-set": 15.686970438006167, "mae-test-set": 0.06712124584020648, "exec-time": 0.0036363840044941753}