{"execution-time": 8006.384343929938, "best-training-loss": 1.2804045140743257, "executed-for-epochs": 1000, "test-loss": 4.046260833740234, "validation-loss": 4.046260833740234}