{"mse-test-set": 3.7984452023619735, "mae-test-set": 0.030561327300302945, "exec-time": 1.5024665430100868}