{"mse-test-set": 24.282041521030582, "mae-test-set": 0.049888025747359205, "exec-time": 0.0032548429880989715}