{"mse-test-set": 7.1390664911862185, "mae-test-set": 0.039528117011158666, "exec-time": 3.3138196880026953}