{"execution-time": 1776.5378200080013, "best-training-loss": 0.765898808836937, "executed-for-epochs": 1000, "test-loss": 3.211409568786621, "validation-loss": 3.211409568786621}