{"mse-test-set": 12.553093076370388, "mae-test-set": 0.044269823296311926, "exec-time": 0.6235573470039526}