{"mse-test-set": 26.988511972200904, "mae-test-set": 0.06228887830729265, "exec-time": 3.272604265002883}