{"mse-test-set": 9.973311407087909, "mae-test-set": 0.06351697560313875, "exec-time": 3.3117411569983233}