{"execution-time": 6224.497570023988, "best-training-loss": 0.6606422146161397, "executed-for-epochs": 1000, "test-loss": 1.6831563711166382, "validation-loss": 1.6831563711166382}