{"mse-test-set": 23.383872153600066, "mae-test-set": 0.056802830775833854, "exec-time": 0.002805647993227467}