{"execution-time": 10844.056659637019, "best-training-loss": 1.7830985148747762, "executed-for-epochs": 1000, "test-loss": 12.724048614501953, "validation-loss": 12.724048614501953}