{"mse-test-set": 3.0195700978262607, "mae-test-set": 0.027013888379711505, "exec-time": 0.7887966639973456}