{"execution-time": 6256.11863862304, "best-training-loss": 1.0425166686375935, "executed-for-epochs": 1000, "test-loss": 4.383062362670898, "validation-loss": 4.383062362670898}