{"mse-test-set": 9.676804265662518, "mae-test-set": 0.047570754845323894, "exec-time": 3.2207444639934693}