{"execution-time": 7074.742910946021, "best-training-loss": 0.7176521579424541, "executed-for-epochs": 1000, "test-loss": 3.05336332321167, "validation-loss": 3.05336332321167}