{"mse-test-set": 28.112768293829504, "mae-test-set": 0.06104089469766262, "exec-time": 0.952129850993515}