{"mse-test-set": 2.2601595634055527, "mae-test-set": 0.033675950174894866, "exec-time": 1.1692455010052072}