{"mse-test-set": 7.729859962815557, "mae-test-set": 0.04175274351116018, "exec-time": 0.002579153995611705}