{"mse-test-set": 2.2979422106567267, "mae-test-set": 0.03601343144832628, "exec-time": 0.0017245849885512143}