{"execution-time": 1734.0513756739674, "best-training-loss": 0.8008285462856293, "executed-for-epochs": 1000, "test-loss": 3.011557102203369, "validation-loss": 3.011557102203369}