{"execution-time": 1268.9405794389313, "best-training-loss": 0.533087968826294, "executed-for-epochs": 1000, "test-loss": 0.5813932418823242, "validation-loss": 0.5813932418823242}