{"mse-test-set": 65.14082915824329, "mae-test-set": 0.051780396888469596, "exec-time": 0.003071921004448086}