{"mse-test-set": 31.138949472788575, "mae-test-set": 0.08154651900291345, "exec-time": 0.0030443080031545833}