{"execution-time": 5802.0422766000265, "best-training-loss": 0.8942917254236009, "executed-for-epochs": 1000, "test-loss": 2.162202835083008, "validation-loss": 2.162202835083008}