{"mse-test-set": 3.5090314202234802, "mae-test-set": 0.04181367883953433, "exec-time": 1.1055066800036002}