{"mse-test-set": 8.236484244274296, "mae-test-set": 0.05681535650271908, "exec-time": 0.56644885399146}