{"mse-test-set": 30.51199068960778, "mae-test-set": 0.07213739052565282, "exec-time": 0.0025906220107572153}