{"mse-test-set": 13.055598965262627, "mae-test-set": 0.053740044741474535, "exec-time": 3.189481433000765}