{"execution-time": 6336.732944051968, "best-training-loss": 0.9172754446665446, "executed-for-epochs": 1000, "test-loss": 6.275508880615234, "validation-loss": 6.275508880615234}