{"execution-time": 3346.0246111310553, "best-training-loss": 0.7687208226748875, "executed-for-epochs": 1000, "test-loss": 1.4320857524871826, "validation-loss": 1.4320857524871826}