{"mse-test-set": 25.028805996895972, "mae-test-set": 0.05411453803479889, "exec-time": 0.0037947629898553714}