{"mse-test-set": 10.159797466959857, "mae-test-set": 0.05627562987966414, "exec-time": 1.0177369019947946}