{"execution-time": 6211.680075415992, "best-training-loss": 0.6699542681376139, "executed-for-epochs": 1000, "test-loss": 1.8230992555618286, "validation-loss": 1.8230992555618286}