{"mse-test-set": 32.59319392128522, "mae-test-set": 0.09204458058720547, "exec-time": 3.3108384890074376}