{"mse-test-set": 79.8783036133786, "mae-test-set": 0.04573791006159162, "exec-time": 3.1599704489926808}