{"mse-test-set": 8.655117115224604, "mae-test-set": 0.04672727588163843, "exec-time": 0.6535648800054332}