{"mse-test-set": 11.873985751435251, "mae-test-set": 0.057082256301272595, "exec-time": 0.994094559995574}