{"mse-test-set": 111.17990682599755, "mae-test-set": 0.0524345011445627, "exec-time": 3.171251851003035}