{"execution-time": 6247.187895037001, "best-training-loss": 0.8092845678329468, "executed-for-epochs": 1000, "test-loss": 2.7414751052856445, "validation-loss": 2.7414751052856445}