{"mse-test-set": 47.703585239005875, "mae-test-set": 0.052096864648592464, "exec-time": 3.243382921005832}