{"mse-test-set": 12.379776899119985, "mae-test-set": 0.056229117680695134, "exec-time": 0.8686011509998934}