{"mse-test-set": 4.076239087106976, "mae-test-set": 0.05838637277885288, "exec-time": 3.270172589007416}