{"execution-time": 8362.479432113003, "best-training-loss": 0.6799755454063415, "executed-for-epochs": 1000, "test-loss": 2.72560715675354, "validation-loss": 2.72560715675354}