{"execution-time": 7812.182449140004, "best-training-loss": 1.346678340435028, "executed-for-epochs": 1000, "test-loss": 5.7458906173706055, "validation-loss": 5.7458906173706055}