{"mse-test-set": 46.50390100314662, "mae-test-set": 0.07958360792173266, "exec-time": 0.0029403980006463826}