{"mse-test-set": 26.090535696656946, "mae-test-set": 0.05181657324276778, "exec-time": 0.7998593369993614}