{"execution-time": 5339.110404023901, "best-training-loss": 0.9781100749969482, "executed-for-epochs": 1000, "test-loss": 6.664333820343018, "validation-loss": 6.664333820343018}