{"execution-time": 7742.810933541041, "best-training-loss": 1.288002332051595, "executed-for-epochs": 1000, "test-loss": 6.678336143493652, "validation-loss": 6.678336143493652}