{"mse-test-set": 9.440076651302068, "mae-test-set": 0.047859754950564576, "exec-time": 0.5953982020000694}