{"mse-test-set": 31.347878058776917, "mae-test-set": 0.05023416420072114, "exec-time": 3.222386904992163}