{"mse-test-set": 107.60722612129513, "mae-test-set": 0.05697058581560716, "exec-time": 2.2658963380090427}