{"execution-time": 1277.8740525480825, "best-training-loss": 0.5693660179773966, "executed-for-epochs": 1000, "test-loss": 0.7161840200424194, "validation-loss": 0.7161840200424194}