{"mse-test-set": 34.66955524835248, "mae-test-set": 0.04435162767195064, "exec-time": 0.003783624997595325}