{"execution-time": 5281.887933023972, "best-training-loss": 1.072933558622996, "executed-for-epochs": 1000, "test-loss": 4.613122940063477, "validation-loss": 4.613122940063477}