{"mse-test-set": 17.463395539223836, "mae-test-set": 0.05148618452851627, "exec-time": 0.002729807994910516}