{"mse-test-set": 10.052632157364263, "mae-test-set": 0.044929988099021045, "exec-time": 0.0027994069969281554}