{"mse-test-set": 15.436671460929478, "mae-test-set": 0.06635580864594035, "exec-time": 0.46370148900314234}