{"mse-test-set": 3.3149956066988153, "mae-test-set": 0.03242825182296397, "exec-time": 0.8459344720031368}