{"mse-test-set": 11.325705960413542, "mae-test-set": 0.07248770292978728, "exec-time": 0.0031140030041569844}