{"execution-time": 5197.614868726116, "best-training-loss": 0.6024328708648682, "executed-for-epochs": 1000, "test-loss": 2.1138052940368652, "validation-loss": 2.1138052940368652}