{"mse-test-set": 8.89800934860703, "mae-test-set": 0.03857067721519607, "exec-time": 0.00283508600841742}