{"mse-test-set": 8.761652676060185, "mae-test-set": 0.04181028927279182, "exec-time": 0.841699829994468}