{"mse-test-set": 8.514563469535295, "mae-test-set": 0.06038859112249776, "exec-time": 0.5885713349998696}