{"mse-test-set": 13.972285226805996, "mae-test-set": 0.04237273963460359, "exec-time": 0.0033283399970969185}