{"mse-test-set": 9.465797748298383, "mae-test-set": 0.03967957216890474, "exec-time": 0.640280851002899}