{"mse-test-set": 15.862158016985859, "mae-test-set": 0.028656496510463283, "exec-time": 0.7704996089887572}