{"execution-time": 11021.875411179964, "best-training-loss": 0.4783337235450745, "executed-for-epochs": 1000, "test-loss": 0.958730161190033, "validation-loss": 0.958730161190033}