{"mse-test-set": 34.99483022551251, "mae-test-set": 0.07366726477697334, "exec-time": 0.0028188069991301745}