{"mse-test-set": 28.725879934531697, "mae-test-set": 0.047350306025037925, "exec-time": 1.3922293329960667}