{"mse-test-set": 3.300331114177662, "mae-test-set": 0.030877330408565704, "exec-time": 0.0011229770025238395}