{"mse-test-set": 48.41390251428902, "mae-test-set": 0.0641735615864196, "exec-time": 2.507367393001914}