{"mse-test-set": 39.608925673516204, "mae-test-set": 0.054495087490478544, "exec-time": 1.6899619879986858}