{"execution-time": 3624.569231119007, "best-training-loss": 0.5643887321154276, "executed-for-epochs": 1000, "test-loss": 0.7865493297576904, "validation-loss": 0.7865493297576904}