{"mse-test-set": 3.2203013788329353, "mae-test-set": 0.04371279305832557, "exec-time": 1.041619299998274}