{"mse-test-set": 8.588115283933723, "mae-test-set": 0.04264293465713203, "exec-time": 3.2068598290061345}