{"mse-test-set": 25.372976230357615, "mae-test-set": 0.043435302108305075, "exec-time": 0.4051917320030043}