{"mse-test-set": 43.85102691784937, "mae-test-set": 0.03493624618497201, "exec-time": 0.9519319640094182}