{"mse-test-set": 6.077547005157668, "mae-test-set": 0.028149908398520083, "exec-time": 0.0020565570011967793}