{"mse-test-set": 20.21559241135219, "mae-test-set": 0.052833218400346084, "exec-time": 0.0026865980034926906}