{"mse-test-set": 8.3738488273982, "mae-test-set": 0.054609603294670434, "exec-time": 0.5514017850073287}