{"mse-test-set": 27.270124823042813, "mae-test-set": 0.050289405335692094, "exec-time": 0.9795070620020851}