{"mse-test-set": 11.153686436418658, "mae-test-set": 0.05920273143899123, "exec-time": 3.201221337003517}