{"mse-test-set": 30.22055031450623, "mae-test-set": 0.05064434219799539, "exec-time": 0.003561061996151693}