{"mse-test-set": 31.01643319303292, "mae-test-set": 0.07349626968618204, "exec-time": 0.48449155599519145}