{"execution-time": 4917.204204004956, "best-training-loss": 1.504376232624054, "executed-for-epochs": 1000, "test-loss": 4.976536750793457, "validation-loss": 4.976536750793457}