{"mse-test-set": 28.615471682523225, "mae-test-set": 0.057735016902666095, "exec-time": 0.40896858400083147}