{"execution-time": 9745.146994340932, "best-training-loss": 1.1843902428944906, "executed-for-epochs": 1000, "test-loss": 5.779051780700684, "validation-loss": 5.779051780700684}