{"mse-test-set": 17.499518919776584, "mae-test-set": 0.05075824066484266, "exec-time": 0.8133723890059628}