{"mse-test-set": 44.05166417843825, "mae-test-set": 0.046025556526164586, "exec-time": 1.3016576739901211}