{"mse-test-set": 3.3923295800549673, "mae-test-set": 0.04210276185370269, "exec-time": 1.0731753130094148}