{"mse-test-set": 3.40346175896271, "mae-test-set": 0.03247096749855336, "exec-time": 0.852702711999882}