{"mse-test-set": 10.174309574317629, "mae-test-set": 0.029918743005302745, "exec-time": 0.001963140006409958}