{"mse-test-set": 10.644823178863001, "mae-test-set": 0.0628647686615773, "exec-time": 0.0026771269913297147}