{"execution-time": 7574.562851933995, "best-training-loss": 1.4033342599868774, "executed-for-epochs": 1000, "test-loss": 8.58127212524414, "validation-loss": 8.58127212524414}