{"execution-time": 8275.010595245054, "best-training-loss": 0.5721444567044576, "executed-for-epochs": 1000, "test-loss": 0.9848832488059998, "validation-loss": 0.9848832488059998}