{"mse-test-set": 16.71566013624862, "mae-test-set": 0.07428249790596413, "exec-time": 0.823186612004065}