{"mse-test-set": 9.634907563730216, "mae-test-set": 0.054628765144316714, "exec-time": 1.2451709360029781}