{"execution-time": 9227.523111884017, "best-training-loss": 1.3021731932957967, "executed-for-epochs": 1000, "test-loss": 10.32494831085205, "validation-loss": 10.32494831085205}