{"mse-test-set": 85.98897347136618, "mae-test-set": 0.0465674379195199, "exec-time": 0.002658804995007813}