{"mse-test-set": 92.53127981281519, "mae-test-set": 0.051849988187166435, "exec-time": 3.2459028820012463}