{"execution-time": 7483.485994707909, "best-training-loss": 1.3009334166844686, "executed-for-epochs": 1000, "test-loss": 10.117074012756348, "validation-loss": 10.117074012756348}