{"mse-test-set": 12.232830750595166, "mae-test-set": 0.05191373492508649, "exec-time": 0.003007639999850653}