{"execution-time": 6243.706394737004, "best-training-loss": 0.8989538868268331, "executed-for-epochs": 1000, "test-loss": 2.249602794647217, "validation-loss": 2.249602794647217}