{"mse-test-set": 25.90941039201866, "mae-test-set": 0.05877976207567308, "exec-time": 3.1633240939991083}