{"mse-test-set": 92.32220390807689, "mae-test-set": 0.08763778727278006, "exec-time": 3.1928179639944574}