{"mse-test-set": 16.65931362834414, "mae-test-set": 0.08575823587732896, "exec-time": 3.1701105929969344}