{"mse-test-set": 17.967358069946734, "mae-test-set": 0.03929433826650224, "exec-time": 0.003242635997594334}