{"mse-test-set": 9.538343654525004, "mae-test-set": 0.061265716118932466, "exec-time": 0.00266897700203117}