{"mse-test-set": 10.786363230840625, "mae-test-set": 0.05689162549748629, "exec-time": 3.279631003999384}