{"mse-test-set": 32.46071762398432, "mae-test-set": 0.05710246817779286, "exec-time": 3.100107095990097}