{"mse-test-set": 52.78062915172784, "mae-test-set": 0.059105316941837724, "exec-time": 3.161312138006906}