{"mse-test-set": 9.044279928047741, "mae-test-set": 0.06315812756442839, "exec-time": 3.0245322849950753}