{"mse-test-set": 5.235152715995232, "mae-test-set": 0.031106162653397832, "exec-time": 1.9673817089933436}