{"execution-time": 7306.06779693102, "best-training-loss": 1.020939008394877, "executed-for-epochs": 1000, "test-loss": 3.2722268104553223, "validation-loss": 3.2722268104553223}