{"mse-test-set": 27.08068451351783, "mae-test-set": 0.06075398099125909, "exec-time": 3.346868533990346}