{"mse-test-set": 7.791914693182054, "mae-test-set": 0.05709385990827845, "exec-time": 3.2792235749948304}