{"mse-test-set": 69.52233960542735, "mae-test-set": 0.05288732994863816, "exec-time": 1.3620197660056874}