{"execution-time": 6333.646386357024, "best-training-loss": 0.9449897408485413, "executed-for-epochs": 1000, "test-loss": 3.308289051055908, "validation-loss": 3.308289051055908}