{"mse-test-set": 30.092262541234632, "mae-test-set": 0.05290502291463547, "exec-time": 0.0027247199905104935}