{"execution-time": 6089.042893001926, "best-training-loss": 0.5745081106821696, "executed-for-epochs": 1000, "test-loss": 2.338313579559326, "validation-loss": 2.338313579559326}