{"mse-test-set": 51.45496185299166, "mae-test-set": 0.07070227692330203, "exec-time": 0.49757440900430083}