{"mse-test-set": 9.026080306376468, "mae-test-set": 0.038677043115530836, "exec-time": 0.0028315870004007593}