{"mse-test-set": 9.17350819594472, "mae-test-set": 0.042800811360414893, "exec-time": 3.289385448995745}