{"mse-test-set": 15.691806258811695, "mae-test-set": 0.04408559060907511, "exec-time": 0.003915779001545161}