{"mse-test-set": 12.097276206790605, "mae-test-set": 0.05436987432923304, "exec-time": 0.0030932530062273145}