{"mse-test-set": 30.04868416722277, "mae-test-set": 0.06508677403246124, "exec-time": 1.4526696819957579}