{"execution-time": 11712.94761676807, "best-training-loss": 1.1972811698913575, "executed-for-epochs": 1000, "test-loss": 8.418694496154785, "validation-loss": 8.418694496154785}