{"mse-test-set": 2.686854140878012, "mae-test-set": 0.03948907182379214, "exec-time": 0.8884227329981513}