{"execution-time": 6238.960770481033, "best-training-loss": 0.8973780711491902, "executed-for-epochs": 1000, "test-loss": 3.0951807498931885, "validation-loss": 3.0951807498931885}