{"mse-test-set": 51.0168208361901, "mae-test-set": 0.04843093803305033, "exec-time": 3.3256554569961736}