{"mse-test-set": 9.931801761468927, "mae-test-set": 0.05144240841947132, "exec-time": 0.00299468899902422}