{"mse-test-set": 38.9991085998061, "mae-test-set": 0.06513621702094789, "exec-time": 3.194595269000274}