{"mse-test-set": 31.543630788618852, "mae-test-set": 0.07224704887262548, "exec-time": 3.2642019589984557}