{"mse-test-set": 4.99243610124401, "mae-test-set": 0.0320775818825793, "exec-time": 0.002450731990393251}