{"mse-test-set": 9.496166276986685, "mae-test-set": 0.04756092303254196, "exec-time": 0.0020475950004765764}