{"mse-test-set": 2.5331594440924787, "mae-test-set": 0.03941045940335081, "exec-time": 0.8418729509867262}