{"mse-test-set": 2.5892301386000725, "mae-test-set": 0.0387259861964804, "exec-time": 0.8574276639992604}