{"mse-test-set": 77.01187356146124, "mae-test-set": 0.07720642115541371, "exec-time": 3.436471701003029}