{"mse-test-set": 38.32866638519036, "mae-test-set": 0.10285197649808063, "exec-time": 3.042838886001846}