{"mse-test-set": 22.587580410634576, "mae-test-set": 0.039347311543337565, "exec-time": 1.7151248560112435}