{"mse-test-set": 9.668497479313945, "mae-test-set": 0.045167556074214306, "exec-time": 3.1895962609996786}