{"execution-time": 7427.085706269019, "best-training-loss": 1.478279980023702, "executed-for-epochs": 1000, "test-loss": 7.575675010681152, "validation-loss": 7.575675010681152}