{"execution-time": 10154.936467858031, "best-training-loss": 0.9787051836649577, "executed-for-epochs": 1000, "test-loss": 2.6860432624816895, "validation-loss": 2.6860432624816895}