{"execution-time": 11655.213024789002, "best-training-loss": 2.4545839707056682, "executed-for-epochs": 1000, "test-loss": 17.99220085144043, "validation-loss": 17.99220085144043}