{"mse-test-set": 27.187419877726043, "mae-test-set": 0.07016550164354975, "exec-time": 0.002775443994323723}