{"mse-test-set": 57.25099038738272, "mae-test-set": 0.058532828710651984, "exec-time": 0.0034191890008514747}