{"mse-test-set": 30.231998814316885, "mae-test-set": 0.05229977749140134, "exec-time": 0.4723413320025429}