{"mse-test-set": 26.739878298543225, "mae-test-set": 0.06118540171550021, "exec-time": 0.8005957360001048}