{"mse-test-set": 2.8103468029364818, "mae-test-set": 0.028438089125561113, "exec-time": 0.8740307870029937}