{"mse-test-set": 8.429095090851392, "mae-test-set": 0.05668363032444244, "exec-time": 0.0026983610005117953}