{"mse-test-set": 82.94392876381322, "mae-test-set": 0.0608768609629879, "exec-time": 3.1766335970023647}