{"mse-test-set": 18.927629354325205, "mae-test-set": 0.03872454744225427, "exec-time": 3.284290408002562}