{"mse-test-set": 96.38680159960424, "mae-test-set": 0.0429624055352761, "exec-time": 0.7582523040036904}