{"mse-test-set": 2.979490307528284, "mae-test-set": 0.03812219149375549, "exec-time": 0.003628207996371202}