{"execution-time": 5661.43054155109, "best-training-loss": 0.80481047100491, "executed-for-epochs": 1000, "test-loss": 1.8160408735275269, "validation-loss": 1.8160408735275269}