{"mse-test-set": 2.782169725079476, "mae-test-set": 0.030384765153582398, "exec-time": 1.4577357999951346}