{"mse-test-set": 4.379777582491792, "mae-test-set": 0.028928943464693005, "exec-time": 0.001951867001480423}