{"execution-time": 11376.57679461909, "best-training-loss": 1.2570754051208497, "executed-for-epochs": 1000, "test-loss": 8.438405990600586, "validation-loss": 8.438405990600586}