{"execution-time": 8832.317734902026, "best-training-loss": 0.9557429790496826, "executed-for-epochs": 1000, "test-loss": 8.000758171081543, "validation-loss": 8.000758171081543}