{"execution-time": 9670.753820113023, "best-training-loss": 1.3916412432988485, "executed-for-epochs": 1000, "test-loss": 6.309165954589844, "validation-loss": 6.309165954589844}