{"mse-test-set": 2.1589300444154835, "mae-test-set": 0.03221207141616695, "exec-time": 0.002028777002124116}