{"mse-test-set": 14.973881526088784, "mae-test-set": 0.04783448948165548, "exec-time": 0.5898373780073598}