{"mse-test-set": 42.99036181377449, "mae-test-set": 0.053181644679351193, "exec-time": 0.0027937190025113523}