{"mse-test-set": 11.978839328430025, "mae-test-set": 0.0734115496291092, "exec-time": 0.802457054000115}