{"execution-time": 11598.239518320072, "best-training-loss": 2.224024216334025, "executed-for-epochs": 1000, "test-loss": 16.3122615814209, "validation-loss": 16.3122615814209}