{"mse-test-set": 2.429362515211085, "mae-test-set": 0.0533681871153308, "exec-time": 0.001154379002400674}