{"mse-test-set": 13.302379272401348, "mae-test-set": 0.05575819436891357, "exec-time": 0.0027030669880332425}