{"mse-test-set": 10.03122018509796, "mae-test-set": 0.04440568416600331, "exec-time": 0.0026781479973578826}