{"mse-test-set": 16.266597138790125, "mae-test-set": 0.04781668812625096, "exec-time": 3.2270525049971184}