{"mse-test-set": 25.70443748168088, "mae-test-set": 0.05023969953041787, "exec-time": 0.5722311260033166}