{"mse-test-set": 4.953306974898433, "mae-test-set": 0.06305732488136438, "exec-time": 0.003008540006703697}