{"mse-test-set": 3.54308781423067, "mae-test-set": 0.03299985299458039, "exec-time": 0.9791021810087841}