{"execution-time": 3808.315159172984, "best-training-loss": 1.1635021482195174, "executed-for-epochs": 1000, "test-loss": 4.777419090270996, "validation-loss": 4.777419090270996}