{"execution-time": 5333.327279866906, "best-training-loss": 0.880524504184723, "executed-for-epochs": 1000, "test-loss": 4.203376293182373, "validation-loss": 4.203376293182373}