{"execution-time": 18984.79749196605, "best-training-loss": 0.8429768234491348, "executed-for-epochs": 1000, "test-loss": 2.6763479709625244, "validation-loss": 2.6763479709625244}