{"mse-test-set": 8.888082782620204, "mae-test-set": 0.04346293029164222, "exec-time": 0.8937058269948466}