{"mse-test-set": 24.309622492545216, "mae-test-set": 0.0495957069714997, "exec-time": 0.7166385900054593}