{"mse-test-set": 19.67868734692455, "mae-test-set": 0.05312914060555048, "exec-time": 1.1165219619870186}