{"execution-time": 8890.609736947925, "best-training-loss": 1.3021336436271667, "executed-for-epochs": 1000, "test-loss": 7.028489112854004, "validation-loss": 7.028489112854004}