{"mse-test-set": 13.347924925338477, "mae-test-set": 0.0511034635715011, "exec-time": 0.0029553359927376732}