{"mse-test-set": 7.480293928362424, "mae-test-set": 0.04898284515138869, "exec-time": 0.0035609510086942464}