{"mse-test-set": 3.0360519822755903, "mae-test-set": 0.02812286856240968, "exec-time": 0.8414710780052701}