{"mse-test-set": 7.07864839964121, "mae-test-set": 0.03248922310496357, "exec-time": 0.6822668040113058}