{"mse-test-set": 9.330924152968631, "mae-test-set": 0.05358634064022222, "exec-time": 0.002848875999916345}