{"mse-test-set": 2.1794900700650683, "mae-test-set": 0.033773890332021, "exec-time": 1.095284515991807}