{"mse-test-set": 42.43244893702332, "mae-test-set": 0.03909841032052369, "exec-time": 1.6096736510080518}