{"mse-test-set": 4.311238305619432, "mae-test-set": 0.04581596279286505, "exec-time": 3.261391136999009}