{"mse-test-set": 74.64093536495817, "mae-test-set": 0.06736389185797209, "exec-time": 3.157812675999594}