{"mse-test-set": 3.14837184060629, "mae-test-set": 0.03817223651489507, "exec-time": 0.003055654000490904}