{"mse-test-set": 8.414958098347878, "mae-test-set": 0.05466122610814142, "exec-time": 1.0789845670078648}