{"mse-test-set": 4.1490337402606485, "mae-test-set": 0.044913463455505974, "exec-time": 1.0676525000017136}