{"execution-time": 6113.821986678988, "best-training-loss": 0.5173785448074341, "executed-for-epochs": 1000, "test-loss": 2.1292800903320312, "validation-loss": 2.1292800903320312}