{"execution-time": 5610.412026994047, "best-training-loss": 0.4779495331976149, "executed-for-epochs": 1000, "test-loss": 0.5435174107551575, "validation-loss": 0.5435174107551575}