{"execution-time": 6217.050929510966, "best-training-loss": 1.5325909455617268, "executed-for-epochs": 1000, "test-loss": 6.8653974533081055, "validation-loss": 6.8653974533081055}