{"mse-test-set": 14.282059719752764, "mae-test-set": 0.04327807169605971, "exec-time": 3.2951228210004047}