{"mse-test-set": 18.198985562837805, "mae-test-set": 0.06968162251585984, "exec-time": 0.0028929969994351268}