{"mse-test-set": 33.40138519196787, "mae-test-set": 0.03713386814550099, "exec-time": 0.0027706859982572496}