{"execution-time": 11680.702265086933, "best-training-loss": 1.9554452180862427, "executed-for-epochs": 1000, "test-loss": 13.658888816833496, "validation-loss": 13.658888816833496}