{"mse-test-set": 2.224519868911389, "mae-test-set": 0.038508660343228564, "exec-time": 1.039884974990855}