{"execution-time": 6306.173603955074, "best-training-loss": 0.7516063253084818, "executed-for-epochs": 1000, "test-loss": 5.5117621421813965, "validation-loss": 5.5117621421813965}