{"mse-test-set": 3.6137709288022397, "mae-test-set": 0.039309360882321454, "exec-time": 3.129368876994704}