{"execution-time": 10835.245309281978, "best-training-loss": 0.7417796134948731, "executed-for-epochs": 1000, "test-loss": 1.6546324491500854, "validation-loss": 1.6546324491500854}