{"mse-test-set": 39.624197625491405, "mae-test-set": 0.052741481923931605, "exec-time": 0.002804910996928811}