{"mse-test-set": 31.818354569207425, "mae-test-set": 0.05173592526280581, "exec-time": 0.48735170799773186}