{"execution-time": 6980.184546898934, "best-training-loss": 0.7020864725112915, "executed-for-epochs": 1000, "test-loss": 1.3349696397781372, "validation-loss": 1.3349696397781372}