{"mse-test-set": 68.33786645121818, "mae-test-set": 0.060148467534896666, "exec-time": 3.1706092300009914}