{"mse-test-set": 13.208291070890436, "mae-test-set": 0.04856427785065009, "exec-time": 3.3450207299902104}