{"execution-time": 5220.470410626032, "best-training-loss": 0.9584727962811788, "executed-for-epochs": 1000, "test-loss": 6.586976051330566, "validation-loss": 6.586976051330566}