{"execution-time": 1725.703046648996, "best-training-loss": 0.7628597915172577, "executed-for-epochs": 1000, "test-loss": 1.723441243171692, "validation-loss": 1.723441243171692}