{"mse-test-set": 8.613737954216793, "mae-test-set": 0.055515756939112634, "exec-time": 0.4761234650068218}