{"execution-time": 5151.853811715962, "best-training-loss": 0.722414763768514, "executed-for-epochs": 1000, "test-loss": 3.207921028137207, "validation-loss": 3.207921028137207}