{"mse-test-set": 2.669479281590389, "mae-test-set": 0.033581873157569386, "exec-time": 2.000132855013362}