{"mse-test-set": 3.969364401014724, "mae-test-set": 0.03138209160770008, "exec-time": 0.0020178790000500157}