{"mse-test-set": 60.29164141442739, "mae-test-set": 0.04655908090540521, "exec-time": 0.0026652530068531632}