{"mse-test-set": 99.49526903193238, "mae-test-set": 0.05809294700028785, "exec-time": 3.3087573089869693}