{"mse-test-set": 9.90151593684997, "mae-test-set": 0.04449174880043014, "exec-time": 0.9504988789994968}