{"mse-test-set": 8.033339707607883, "mae-test-set": 0.040339287477396436, "exec-time": 0.002686145991901867}