{"mse-test-set": 20.706226928102755, "mae-test-set": 0.04808529566984518, "exec-time": 0.79996198900335}