{"mse-test-set": 39.85606380989272, "mae-test-set": 0.0332232915943298, "exec-time": 0.8307660269929329}