{"mse-test-set": 10.924498430813548, "mae-test-set": 0.06293965027959471, "exec-time": 3.2037105039926246}