{"mse-test-set": 2.3386977631609214, "mae-test-set": 0.05192513664399007, "exec-time": 0.002146628001355566}