{"mse-test-set": 15.054268614102035, "mae-test-set": 0.038731829794656655, "exec-time": 3.382882600009907}