{"mse-test-set": 89.86482971385104, "mae-test-set": 0.05896065237621352, "exec-time": 3.24181838700315}