{"execution-time": 7467.246705423109, "best-training-loss": 1.181431531906128, "executed-for-epochs": 1000, "test-loss": 7.288528919219971, "validation-loss": 7.288528919219971}