{"mse-test-set": 20.576111793870986, "mae-test-set": 0.04914897340675873, "exec-time": 0.0028637630020966753}