{"execution-time": 7409.855232842034, "best-training-loss": 1.351438045501709, "executed-for-epochs": 1000, "test-loss": 12.251195907592773, "validation-loss": 12.251195907592773}