{"mse-test-set": 17.026513119727007, "mae-test-set": 0.0722388850509589, "exec-time": 0.0025792700034799054}