{"execution-time": 11530.721205040929, "best-training-loss": 0.9604210416475932, "executed-for-epochs": 1000, "test-loss": 3.080193519592285, "validation-loss": 3.080193519592285}