{"mse-test-set": 10.594074629029562, "mae-test-set": 0.08615042082112764, "exec-time": 3.208529412993812}