{"mse-test-set": 12.762951524236424, "mae-test-set": 0.046302948536199234, "exec-time": 0.6255064599972684}