{"mse-test-set": 11.63086841775012, "mae-test-set": 0.07876582697572165, "exec-time": 3.238730763012427}