{"execution-time": 5937.391406356008, "best-training-loss": 1.082601503531138, "executed-for-epochs": 1000, "test-loss": 8.330607414245605, "validation-loss": 8.330607414245605}