{"execution-time": 1522.3448284749174, "best-training-loss": 0.5445614457130432, "executed-for-epochs": 1000, "test-loss": 0.8733346462249756, "validation-loss": 0.8733346462249756}