{"mse-test-set": 3.3871899876707032, "mae-test-set": 0.031920094014132996, "exec-time": 1.0714548520045355}