{"mse-test-set": 3.4429070530479997, "mae-test-set": 0.04095026662112451, "exec-time": 3.2354795030114474}