{"execution-time": 1795.1781582229305, "best-training-loss": 0.7396512031555176, "executed-for-epochs": 1000, "test-loss": 2.532301902770996, "validation-loss": 2.532301902770996}