{"mse-test-set": 15.42690836779924, "mae-test-set": 0.055724533188954796, "exec-time": 0.796582655995735}