{"execution-time": 6842.307233219966, "best-training-loss": 0.5680182245042589, "executed-for-epochs": 1000, "test-loss": 0.6818592548370361, "validation-loss": 0.6818592548370361}