{"mse-test-set": 106.65744044739695, "mae-test-set": 0.05708901872521736, "exec-time": 0.0033371289900969714}