{"mse-test-set": 3.566885674369205, "mae-test-set": 0.0563161264121901, "exec-time": 0.003021251002792269}