{"mse-test-set": 2.3029888039957678, "mae-test-set": 0.03547626703379428, "exec-time": 0.9962171250081155}