{"execution-time": 7825.582399814972, "best-training-loss": 1.0284682671229044, "executed-for-epochs": 1000, "test-loss": 3.9557857513427734, "validation-loss": 3.9557857513427734}