{"mse-test-set": 15.77514444631617, "mae-test-set": 0.055917959434935695, "exec-time": 3.7987739050004166}