{"execution-time": 11283.222485270002, "best-training-loss": 1.08332808415095, "executed-for-epochs": 1000, "test-loss": 4.774084091186523, "validation-loss": 4.774084091186523}