{"mse-test-set": 72.18683554112641, "mae-test-set": 0.07112777580511732, "exec-time": 3.175349091994576}