{"execution-time": 7774.997349457, "best-training-loss": 1.1896203875541687, "executed-for-epochs": 1000, "test-loss": 3.7234301567077637, "validation-loss": 3.7234301567077637}