{"mse-test-set": 70.20245490371789, "mae-test-set": 0.08849427530651909, "exec-time": 3.2092132050020155}