{"mse-test-set": 17.560828410040074, "mae-test-set": 0.043013730216812665, "exec-time": 0.96944029199949}