{"mse-test-set": 22.56987538290849, "mae-test-set": 0.03133708787649742, "exec-time": 0.0018239619967062026}