{"mse-test-set": 15.78043261019411, "mae-test-set": 0.04541209516047485, "exec-time": 0.0032981460099108517}