{"mse-test-set": 46.73961521760252, "mae-test-set": 0.07245219007836802, "exec-time": 0.6909132540022256}