{"mse-test-set": 53.17710324289386, "mae-test-set": 0.07678205360491734, "exec-time": 0.0027628880052361637}