{"mse-test-set": 46.552605126479015, "mae-test-set": 0.06297254521249217, "exec-time": 0.0030245230009313673}