{"mse-test-set": 15.445215711449514, "mae-test-set": 0.05239870122082131, "exec-time": 1.0569479779951507}