{"mse-test-set": 53.83209621887815, "mae-test-set": 0.05407647043952314, "exec-time": 3.1352109860017663}