{"execution-time": 8712.450128447032, "best-training-loss": 1.1781136035919189, "executed-for-epochs": 1000, "test-loss": 7.699456214904785, "validation-loss": 7.699456214904785}