{"execution-time": 8714.528688892024, "best-training-loss": 0.97369411389033, "executed-for-epochs": 1000, "test-loss": 3.682633876800537, "validation-loss": 3.682633876800537}