{"mse-test-set": 6.293634610948472, "mae-test-set": 0.028671612650176672, "exec-time": 0.7861946289922344}