{"mse-test-set": 21.34255700077895, "mae-test-set": 0.0439962901643752, "exec-time": 1.126093982005841}