{"mse-test-set": 2.643606387673878, "mae-test-set": 0.038098483330136206, "exec-time": 0.9534000099956756}