{"mse-test-set": 9.403525256817044, "mae-test-set": 0.05970529276672124, "exec-time": 3.206299162004143}