{"execution-time": 6242.934045926086, "best-training-loss": 0.8659176071484883, "executed-for-epochs": 1000, "test-loss": 3.8280398845672607, "validation-loss": 3.8280398845672607}