{"mse-test-set": 17.340527031156057, "mae-test-set": 0.06016840683735068, "exec-time": 0.0016076629981398582}