{"mse-test-set": 71.62646274566258, "mae-test-set": 0.09469256058853025, "exec-time": 0.0030132549873087555}