{"mse-test-set": 7.541690430941132, "mae-test-set": 0.040751227739377095, "exec-time": 0.0025955719902412966}