{"mse-test-set": 29.900493207317428, "mae-test-set": 0.06500226085419922, "exec-time": 0.5219423380040098}