{"mse-test-set": 4.452720592227306, "mae-test-set": 0.04490556568633436, "exec-time": 1.1418488470080774}