{"execution-time": 6245.998099730001, "best-training-loss": 0.8547226826349894, "executed-for-epochs": 1000, "test-loss": 2.0004143714904785, "validation-loss": 2.0004143714904785}