{"execution-time": 3762.4252206140663, "best-training-loss": 0.7923814753691355, "executed-for-epochs": 1000, "test-loss": 2.276538610458374, "validation-loss": 2.276538610458374}