{"mse-test-set": 17.082757751544673, "mae-test-set": 0.05000374793700389, "exec-time": 0.002710814995225519}