{"execution-time": 4241.182342584943, "best-training-loss": 1.1974634443010603, "executed-for-epochs": 1000, "test-loss": 3.1001436710357666, "validation-loss": 3.1001436710357666}