{"mse-test-set": 46.82135662285981, "mae-test-set": 0.05473862196389256, "exec-time": 0.8052599469956476}