{"mse-test-set": 30.817324576320814, "mae-test-set": 0.05255589399436354, "exec-time": 3.1608640320046106}