{"execution-time": 11442.560290194, "best-training-loss": 1.6483436504999796, "executed-for-epochs": 1000, "test-loss": 12.514527320861816, "validation-loss": 12.514527320861816}