{"mse-test-set": 12.032034633708205, "mae-test-set": 0.07595532979060457, "exec-time": 0.00267416299902834}