{"mse-test-set": 82.62366084049312, "mae-test-set": 0.06104471819766904, "exec-time": 3.273341756008449}