{"mse-test-set": 78.30523138906227, "mae-test-set": 0.08969055338041615, "exec-time": 3.773294402999454}