{"mse-test-set": 9.209670568761616, "mae-test-set": 0.0469039494887969, "exec-time": 3.152780388001702}