{"mse-test-set": 29.1859694125616, "mae-test-set": 0.0664493728832858, "exec-time": 3.1193203040020308}