{"mse-test-set": 8.720913390131125, "mae-test-set": 0.054343418307119584, "exec-time": 0.0028739950066665187}