{"execution-time": 11558.551435732981, "best-training-loss": 1.4806815385818481, "executed-for-epochs": 1000, "test-loss": 11.243925094604492, "validation-loss": 11.243925094604492}