{"execution-time": 6012.219938323018, "best-training-loss": 0.5041823546091716, "executed-for-epochs": 1000, "test-loss": 2.277522325515747, "validation-loss": 2.277522325515747}