{"execution-time": 11207.685912776971, "best-training-loss": 1.0822110017140707, "executed-for-epochs": 1000, "test-loss": 3.038224220275879, "validation-loss": 3.038224220275879}