{"mse-test-set": 46.441353026983165, "mae-test-set": 0.057784447946997025, "exec-time": 0.002398098004050553}