{"mse-test-set": 14.590956533514385, "mae-test-set": 0.05271342642351656, "exec-time": 3.2158915150066605}