{"execution-time": 9511.43906784302, "best-training-loss": 1.958833901087443, "executed-for-epochs": 1000, "test-loss": 12.843135833740234, "validation-loss": 12.843135833740234}