{"execution-time": 6391.373159724986, "best-training-loss": 0.8617610891660055, "executed-for-epochs": 1000, "test-loss": 3.307109832763672, "validation-loss": 3.307109832763672}