{"mse-test-set": 7.2888762079936615, "mae-test-set": 0.03111792327838603, "exec-time": 0.0021997970034135506}