{"execution-time": 8395.601449738955, "best-training-loss": 0.7659507791201273, "executed-for-epochs": 1000, "test-loss": 3.0519180297851562, "validation-loss": 3.0519180297851562}