{"mse-test-set": 8.571483204065625, "mae-test-set": 0.05339512483925126, "exec-time": 3.1784282779990463}