{"execution-time": 11535.139621107955, "best-training-loss": 1.3159706751505533, "executed-for-epochs": 1000, "test-loss": 12.130355834960938, "validation-loss": 12.130355834960938}