{"execution-time": 11769.718260315014, "best-training-loss": 1.4029792428016663, "executed-for-epochs": 1000, "test-loss": 10.394489288330078, "validation-loss": 10.394489288330078}