{"mse-test-set": 48.06672275319815, "mae-test-set": 0.05300399898828576, "exec-time": 0.2566607510088943}