{"mse-test-set": 20.688623741342482, "mae-test-set": 0.05785782461917107, "exec-time": 3.243889294011751}