{"execution-time": 11732.204509869101, "best-training-loss": 2.5611332734425862, "executed-for-epochs": 1000, "test-loss": 28.58119010925293, "validation-loss": 28.58119010925293}