{"mse-test-set": 8.537482609958909, "mae-test-set": 0.060947306669117844, "exec-time": 0.0025840359885478392}