{"execution-time": 8891.84799715504, "best-training-loss": 1.1193772713343302, "executed-for-epochs": 1000, "test-loss": 4.983458042144775, "validation-loss": 4.983458042144775}