{"execution-time": 5214.979294628953, "best-training-loss": 0.7955341418584188, "executed-for-epochs": 1000, "test-loss": 3.4893062114715576, "validation-loss": 3.4893062114715576}