{"mse-test-set": 3.9221466417899884, "mae-test-set": 0.04511468239676104, "exec-time": 0.0028435150015866384}