{"mse-test-set": 19.962825761047785, "mae-test-set": 0.052083030983064244, "exec-time": 1.2248718810005812}