{"mse-test-set": 3.8459917872722644, "mae-test-set": 0.02877444232231492, "exec-time": 0.0018866089958464727}