{"mse-test-set": 7.487750752051167, "mae-test-set": 0.047980974072409054, "exec-time": 0.7171343100053491}