{"execution-time": 6295.0190245079575, "best-training-loss": 0.8303043325742085, "executed-for-epochs": 1000, "test-loss": 4.457379341125488, "validation-loss": 4.457379341125488}