{"mse-test-set": 8.933308161178317, "mae-test-set": 0.04510904005986361, "exec-time": 3.2410932310012868}