{"mse-test-set": 10.54980164087679, "mae-test-set": 0.056838185384528034, "exec-time": 3.2660728430055315}