{"mse-test-set": 7.974615250052737, "mae-test-set": 0.04201716657338957, "exec-time": 3.280539351995685}