{"mse-test-set": 12.101855735513258, "mae-test-set": 0.030248556853001124, "exec-time": 0.6060457639978267}