{"mse-test-set": 17.69238369286476, "mae-test-set": 0.0315087445815277, "exec-time": 0.0016193810006370768}