{"execution-time": 6257.858121049008, "best-training-loss": 0.708156677087148, "executed-for-epochs": 1000, "test-loss": 1.909258246421814, "validation-loss": 1.909258246421814}