{"mse-test-set": 17.543934882850163, "mae-test-set": 0.05146726974197734, "exec-time": 0.7841188849997707}