{"mse-test-set": 30.030885105513722, "mae-test-set": 0.06471277815297642, "exec-time": 0.002935622993391007}