{"execution-time": 8876.795453988016, "best-training-loss": 1.138258457183838, "executed-for-epochs": 1000, "test-loss": 8.233210563659668, "validation-loss": 8.233210563659668}