{"execution-time": 6259.495874530985, "best-training-loss": 1.0104194323221842, "executed-for-epochs": 1000, "test-loss": 6.980481147766113, "validation-loss": 6.980481147766113}