{"mse-test-set": 26.58749691090502, "mae-test-set": 0.06278559309819882, "exec-time": 3.131318650004687}