{"mse-test-set": 4.317342392336009, "mae-test-set": 0.030992709732737423, "exec-time": 1.0564614339964464}