{"mse-test-set": 6.971627661535052, "mae-test-set": 0.0382433193338221, "exec-time": 0.003169421004713513}