{"mse-test-set": 11.102345077688987, "mae-test-set": 0.054671239076655234, "exec-time": 3.1149300319957547}