{"mse-test-set": 7.843214775473701, "mae-test-set": 0.05078333969168074, "exec-time": 3.295275650001713}