{"mse-test-set": 48.44904913518054, "mae-test-set": 0.07836177152173102, "exec-time": 3.119332957008737}