{"mse-test-set": 10.942329438831923, "mae-test-set": 0.05712853163507581, "exec-time": 3.2106453009910183}