{"execution-time": 7529.645964710042, "best-training-loss": 1.4057619492212932, "executed-for-epochs": 1000, "test-loss": 6.2375807762146, "validation-loss": 6.2375807762146}