{"execution-time": 5126.864413581905, "best-training-loss": 1.0973352909088134, "executed-for-epochs": 1000, "test-loss": 4.8820390701293945, "validation-loss": 4.8820390701293945}