{"mse-test-set": 5.273110880270596, "mae-test-set": 0.047875366215530214, "exec-time": 1.0148830359976273}