{"mse-test-set": 8.904155979704985, "mae-test-set": 0.08118539105017901, "exec-time": 3.1699419190117624}