{"execution-time": 9110.814815483987, "best-training-loss": 1.8169527133305867, "executed-for-epochs": 1000, "test-loss": 12.860099792480469, "validation-loss": 12.860099792480469}