{"execution-time": 8309.810508779949, "best-training-loss": 0.7177276949087779, "executed-for-epochs": 1000, "test-loss": 3.2658822536468506, "validation-loss": 3.2658822536468506}