{"execution-time": 6172.599560183007, "best-training-loss": 0.6972804307937622, "executed-for-epochs": 1000, "test-loss": 2.7535808086395264, "validation-loss": 2.7535808086395264}