{"mse-test-set": 31.973314588813757, "mae-test-set": 0.050365867757675396, "exec-time": 0.8826432740024757}