{"mse-test-set": 19.102118149212515, "mae-test-set": 0.05185313042209026, "exec-time": 0.7924947540013818}