{"mse-test-set": 9.0211769753484, "mae-test-set": 0.038654215974959036, "exec-time": 3.2999637659959262}