{"mse-test-set": 30.919062737406733, "mae-test-set": 0.05360154383777224, "exec-time": 0.0030673610017402098}