{"mse-test-set": 2.3134447133912754, "mae-test-set": 0.034431849273364935, "exec-time": 0.002301395987160504}