{"mse-test-set": 57.269910524796316, "mae-test-set": 0.04630943508949366, "exec-time": 3.2689678509923397}