{"mse-test-set": 7.644196235389673, "mae-test-set": 0.03938028354674097, "exec-time": 1.0268360370100709}