{"mse-test-set": 22.401896103434293, "mae-test-set": 0.07029112231736104, "exec-time": 0.0027449519984656945}