{"mse-test-set": 3.3879069265885344, "mae-test-set": 0.03900558551601609, "exec-time": 3.7858889429917326}