{"mse-test-set": 14.610364385754295, "mae-test-set": 0.05728255723088279, "exec-time": 3.601847041005385}