{"mse-test-set": 25.06162212045142, "mae-test-set": 0.054330575529788094, "exec-time": 0.7624717190046795}