{"mse-test-set": 6.596868537077007, "mae-test-set": 0.048867778052335185, "exec-time": 0.0028756639949278906}