{"mse-test-set": 41.433750243988186, "mae-test-set": 0.03204989357967664, "exec-time": 2.5687781290034764}