{"mse-test-set": 37.07909072278215, "mae-test-set": 0.05056309575870064, "exec-time": 0.7265207460004603}