{"execution-time": 5180.947422281955, "best-training-loss": 0.6370159188906351, "executed-for-epochs": 1000, "test-loss": 1.71347975730896, "validation-loss": 1.71347975730896}