{"execution-time": 8824.982723113033, "best-training-loss": 0.8959517876307169, "executed-for-epochs": 1000, "test-loss": 2.561964273452759, "validation-loss": 2.561964273452759}