{"mse-test-set": 18.6729474292936, "mae-test-set": 0.03824439430196011, "exec-time": 1.8394888659968274}