{"mse-test-set": 3.479850060496965, "mae-test-set": 0.04042062288045853, "exec-time": 3.3726321440044558}