{"mse-test-set": 26.862419605989253, "mae-test-set": 0.07322785987812466, "exec-time": 0.9268596809997689}