{"mse-test-set": 9.188397005510181, "mae-test-set": 0.06400339684003811, "exec-time": 0.0028642339893849567}