{"mse-test-set": 2.579551640016076, "mae-test-set": 0.05437008945743549, "exec-time": 1.285615154003608}