{"mse-test-set": 22.455024294454603, "mae-test-set": 0.049731350580299365, "exec-time": 0.004012921010144055}