{"mse-test-set": 16.775830431225806, "mae-test-set": 0.054358292226328854, "exec-time": 0.8826943729945924}