{"mse-test-set": 31.556772955599268, "mae-test-set": 0.05524549464618725, "exec-time": 3.250935281001148}