{"execution-time": 1518.0512627889402, "best-training-loss": 0.6846367120742798, "executed-for-epochs": 1000, "test-loss": 0.9717353582382202, "validation-loss": 0.9717353582382202}