{"execution-time": 4873.876147619914, "best-training-loss": 1.4167169034481049, "executed-for-epochs": 1000, "test-loss": 5.839110374450684, "validation-loss": 5.839110374450684}