{"mse-test-set": 13.819862165726208, "mae-test-set": 0.042461775173038514, "exec-time": 0.6247903100011172}