{"execution-time": 8964.46431262407, "best-training-loss": 2.102764439582825, "executed-for-epochs": 1000, "test-loss": 13.974664688110352, "validation-loss": 13.974664688110352}