{"mse-test-set": 9.139176175847304, "mae-test-set": 0.055608833731825874, "exec-time": 0.8457160589896375}