{"mse-test-set": 3.2042744489294335, "mae-test-set": 0.044678044211399315, "exec-time": 0.9496594910015119}