{"mse-test-set": 10.707539446051044, "mae-test-set": 0.07702413885734916, "exec-time": 1.209458048993838}