{"execution-time": 9295.623760048067, "best-training-loss": 2.009998424847921, "executed-for-epochs": 1000, "test-loss": 18.318405151367188, "validation-loss": 18.318405151367188}