{"execution-time": 6277.854897912941, "best-training-loss": 1.2083920160929362, "executed-for-epochs": 1000, "test-loss": 7.572028160095215, "validation-loss": 7.572028160095215}