{"mse-test-set": 2.7952427911381794, "mae-test-set": 0.05237898065969487, "exec-time": 1.389327560988022}