{"mse-test-set": 29.3365752124214, "mae-test-set": 0.055950562071750524, "exec-time": 3.6766028810088756}