{"mse-test-set": 9.935998006402984, "mae-test-set": 0.044445772144173015, "exec-time": 0.5565746240026783}