{"mse-test-set": 105.90855604788516, "mae-test-set": 0.05778600424947561, "exec-time": 0.0025766740000108257}