{"mse-test-set": 13.11605347358968, "mae-test-set": 0.047133570956727315, "exec-time": 0.003371098995557986}