{"mse-test-set": 8.383862092655797, "mae-test-set": 0.054636834470893805, "exec-time": 0.0032841989886946976}