{"execution-time": 9278.400739490055, "best-training-loss": 1.39092089732488, "executed-for-epochs": 1000, "test-loss": 6.86544942855835, "validation-loss": 6.86544942855835}