{"execution-time": 11419.932241581031, "best-training-loss": 1.3907926241556803, "executed-for-epochs": 1000, "test-loss": 5.458746910095215, "validation-loss": 5.458746910095215}