{"mse-test-set": 8.844317243140754, "mae-test-set": 0.058004582060778846, "exec-time": 3.34503725200193}