{"mse-test-set": 2.2001032491649655, "mae-test-set": 0.033390631950877124, "exec-time": 1.0314406050019898}