{"execution-time": 6289.422566033085, "best-training-loss": 0.8242618083953858, "executed-for-epochs": 1000, "test-loss": 4.356572151184082, "validation-loss": 4.356572151184082}