{"mse-test-set": 9.91732810022362, "mae-test-set": 0.0519618234679371, "exec-time": 0.522431012999732}