{"mse-test-set": 15.960662093658787, "mae-test-set": 0.07667694558032917, "exec-time": 3.2025076529971557}