{"mse-test-set": 16.937962794165458, "mae-test-set": 0.04971069264432208, "exec-time": 3.3074531329912134}