{"mse-test-set": 1.7374938024389834, "mae-test-set": 0.030476748655559056, "exec-time": 0.0024735390034038574}