{"mse-test-set": 25.024319234463402, "mae-test-set": 0.050018943591980204, "exec-time": 0.0026601470017340034}