{"mse-test-set": 2.246285634192987, "mae-test-set": 0.038648263655335066, "exec-time": 0.0011630299995886162}