{"mse-test-set": 2.595121338236231, "mae-test-set": 0.055358599937841466, "exec-time": 0.0016452519921585917}