{"mse-test-set": 1.9711503145943792, "mae-test-set": 0.034908880692432656, "exec-time": 1.0359962759976042}