{"mse-test-set": 15.014217569785073, "mae-test-set": 0.050466125497172026, "exec-time": 0.4918248269968899}