{"execution-time": 7974.24412027502, "best-training-loss": 1.2518870075543722, "executed-for-epochs": 1000, "test-loss": 8.244728088378906, "validation-loss": 8.244728088378906}