{"mse-test-set": 48.040200855586924, "mae-test-set": 0.06706945850936538, "exec-time": 0.002841694004018791}