{"mse-test-set": 41.088117101942274, "mae-test-set": 0.040142464034743315, "exec-time": 0.6743519790034043}