{"mse-test-set": 13.865918344043587, "mae-test-set": 0.03865083611068246, "exec-time": 0.22869586999877356}