{"mse-test-set": 7.760827045100041, "mae-test-set": 0.03931036368302467, "exec-time": 3.1687748990079854}