{"mse-test-set": 8.493001884842693, "mae-test-set": 0.059483289453060126, "exec-time": 0.002709612002945505}