{"mse-test-set": 27.296531143068464, "mae-test-set": 0.05921962670461883, "exec-time": 0.002889802010031417}