{"mse-test-set": 29.818939289696768, "mae-test-set": 0.05368495887003978, "exec-time": 3.1468517079920275}