{"execution-time": 11321.123163185082, "best-training-loss": 1.3999406337738036, "executed-for-epochs": 1000, "test-loss": 5.937997817993164, "validation-loss": 5.937997817993164}