{"mse-test-set": 23.679401712113098, "mae-test-set": 0.05563941523752038, "exec-time": 0.0030025209998711944}