{"mse-test-set": 9.905768078489801, "mae-test-set": 0.03030549053658589, "exec-time": 0.0020796989992959425}