{"mse-test-set": 4.815408825691628, "mae-test-set": 0.05211236218014915, "exec-time": 0.8945784700044896}