{"mse-test-set": 18.333292136142315, "mae-test-set": 0.05388058510563108, "exec-time": 0.7551499889959814}