{"mse-test-set": 29.267240744560898, "mae-test-set": 0.04807158801141649, "exec-time": 0.8525396879995242}