{"mse-test-set": 17.87255976600474, "mae-test-set": 0.0759589876592942, "exec-time": 3.1030415859859204}