{"execution-time": 6710.138399053016, "best-training-loss": 0.8161459763844808, "executed-for-epochs": 1000, "test-loss": 1.929897665977478, "validation-loss": 1.929897665977478}