{"mse-test-set": 100.0690955574079, "mae-test-set": 0.05046146405511557, "exec-time": 0.9830227440106682}