{"mse-test-set": 19.206011982589946, "mae-test-set": 0.04548339499285672, "exec-time": 0.0026368840044597164}