{"execution-time": 3854.24351253605, "best-training-loss": 1.1982784611838204, "executed-for-epochs": 1000, "test-loss": 3.727987051010132, "validation-loss": 3.727987051010132}