{"mse-test-set": 27.77887579394404, "mae-test-set": 0.0510479099771387, "exec-time": 0.002701304998481646}