{"execution-time": 11491.875369276968, "best-training-loss": 1.6446041663487752, "executed-for-epochs": 1000, "test-loss": 8.838369369506836, "validation-loss": 8.838369369506836}