{"mse-test-set": 21.5331188357525, "mae-test-set": 0.042124501298971655, "exec-time": 3.3120150419999845}