{"mse-test-set": 25.653679594922124, "mae-test-set": 0.05876230685387094, "exec-time": 3.1916625370067777}