{"execution-time": 11605.538579090964, "best-training-loss": 2.3418611764907835, "executed-for-epochs": 1000, "test-loss": 15.052486419677734, "validation-loss": 15.052486419677734}