{"execution-time": 9687.628610362997, "best-training-loss": 1.4107640782992046, "executed-for-epochs": 1000, "test-loss": 6.165558815002441, "validation-loss": 6.165558815002441}