{"mse-test-set": 25.059836373713516, "mae-test-set": 0.053005384150799674, "exec-time": 0.7410027440055273}