{"mse-test-set": 13.3027432749274, "mae-test-set": 0.088719994586849, "exec-time": 3.19544975500321}