{"execution-time": 1480.285605153069, "best-training-loss": 0.9637251049280167, "executed-for-epochs": 1000, "test-loss": 2.449807643890381, "validation-loss": 2.449807643890381}