{"mse-test-set": 22.933386450787314, "mae-test-set": 0.056066207698907765, "exec-time": 0.9092312669963576}