{
    "execution-time": 9051.975274779834,
    "best-training-loss": 2.815304406483968,
    "executed-for-epochs": 1000
}