{"execution-time": 6291.0752407839755, "best-training-loss": 0.6175174097220103, "executed-for-epochs": 1000, "test-loss": 1.8175528049468994, "validation-loss": 1.8175528049468994}