{"mse-test-set": 3.3121334789836516, "mae-test-set": 0.034237394686823935, "exec-time": 0.861690796999028}