{"mse-test-set": 33.667158209350774, "mae-test-set": 0.05820339492384032, "exec-time": 3.1133530779916327}