{"mse-test-set": 7.711895272246247, "mae-test-set": 0.04147341098172118, "exec-time": 3.1619045900006313}