{"mse-test-set": 35.14109464014938, "mae-test-set": 0.048576689827897146, "exec-time": 3.241422663006233}