{"mse-test-set": 37.62512342052495, "mae-test-set": 0.053333299298426604, "exec-time": 0.0032349120010621846}