{"mse-test-set": 28.00134776510911, "mae-test-set": 0.06105048662732946, "exec-time": 3.256798542002798}