{"execution-time": 5333.377979927929, "best-training-loss": 0.9423732002576192, "executed-for-epochs": 1000, "test-loss": 5.170477390289307, "validation-loss": 5.170477390289307}