{"execution-time": 1707.5153020509752, "best-training-loss": 1.0969949662685394, "executed-for-epochs": 1000, "test-loss": 2.6140823364257812, "validation-loss": 2.6140823364257812}