{"mse-test-set": 48.95960646502591, "mae-test-set": 0.04255459696460199, "exec-time": 0.4947404799895594}