{"execution-time": 6355.164697919972, "best-training-loss": 0.8225545684496561, "executed-for-epochs": 1000, "test-loss": 7.153608322143555, "validation-loss": 7.153608322143555}