{"mse-test-set": 14.370389773052898, "mae-test-set": 0.045523546531685326, "exec-time": 0.2952390520076733}