{"mse-test-set": 9.15115303957801, "mae-test-set": 0.058263570520857635, "exec-time": 3.0759448220051127}