{"mse-test-set": 73.27363821085106, "mae-test-set": 0.0465087436653425, "exec-time": 0.002709316002437845}