{"mse-test-set": 26.921670528056477, "mae-test-set": 0.05669934555363076, "exec-time": 3.1639709970040713}