{"mse-test-set": 8.880537113179923, "mae-test-set": 0.038400077583958164, "exec-time": 0.002823447997798212}