{"mse-test-set": 16.502845062025322, "mae-test-set": 0.07823625118326664, "exec-time": 3.8444155479955953}