{"mse-test-set": 22.94517874482184, "mae-test-set": 0.05891625615773609, "exec-time": 0.002725002996157855}