{"execution-time": 11361.739559611073, "best-training-loss": 0.9048080921173096, "executed-for-epochs": 1000, "test-loss": 2.4441120624542236, "validation-loss": 2.4441120624542236}