{"mse-test-set": 25.793867163146803, "mae-test-set": 0.06421566392039481, "exec-time": 1.177760271995794}