{"execution-time": 12152.530469056917, "best-training-loss": 1.4635588725407918, "executed-for-epochs": 1000, "test-loss": 8.255581855773926, "validation-loss": 8.255581855773926}