{"mse-test-set": 63.586447206474105, "mae-test-set": 0.045446686049217894, "exec-time": 1.8156339340057457}