{"mse-test-set": 9.756976327384354, "mae-test-set": 0.05265226991544901, "exec-time": 0.003187017995514907}