{"mse-test-set": 9.750496731922285, "mae-test-set": 0.05441392291587154, "exec-time": 0.545862490995205}