{"mse-test-set": 9.161644178853722, "mae-test-set": 0.03897226387337416, "exec-time": 3.155374068999663}