{"mse-test-set": 28.24560360669901, "mae-test-set": 0.06619166191175321, "exec-time": 3.1319543150020763}