{"mse-test-set": 51.20260359593094, "mae-test-set": 0.044766871101244624, "exec-time": 0.0027854939980898052}