{"mse-test-set": 40.729875601190344, "mae-test-set": 0.06123990682209691, "exec-time": 0.0028263339918339625}