{"mse-test-set": 23.883314856375573, "mae-test-set": 0.05206858080912141, "exec-time": 3.315330578989233}