{"execution-time": 1753.1761307030683, "best-training-loss": 0.9822794497013092, "executed-for-epochs": 1000, "test-loss": 6.172670841217041, "validation-loss": 6.172670841217041}