{"mse-test-set": 80.06232441175504, "mae-test-set": 0.058990845424956875, "exec-time": 0.002756083005806431}