{"mse-test-set": 6.635631302959213, "mae-test-set": 0.03797099056605675, "exec-time": 0.002967975990031846}