{"mse-test-set": 54.84055284793463, "mae-test-set": 0.04333938196106497, "exec-time": 2.5665106719970936}