{"mse-test-set": 12.978294593169938, "mae-test-set": 0.047343041169571824, "exec-time": 0.002745965000940487}