{"mse-test-set": 3.8616668561582403, "mae-test-set": 0.058796447638831156, "exec-time": 3.2001618439971935}