{"mse-test-set": 27.613258670925557, "mae-test-set": 0.05077788943127465, "exec-time": 0.002740923999226652}