{"mse-test-set": 10.687109785452137, "mae-test-set": 0.07562758277669308, "exec-time": 0.7024841719976394}