{"mse-test-set": 21.086595866234013, "mae-test-set": 0.052008400328137694, "exec-time": 0.5471623180055758}