{"mse-test-set": 25.70660709035913, "mae-test-set": 0.05256530585954374, "exec-time": 0.0028709789912682027}