{"execution-time": 11346.679551334935, "best-training-loss": 1.2058647314707438, "executed-for-epochs": 1000, "test-loss": 3.6965765953063965, "validation-loss": 3.6965765953063965}