{"mse-test-set": 31.08390811558471, "mae-test-set": 0.049470146924586456, "exec-time": 3.1253017929993803}