{"mse-test-set": 10.252815047403056, "mae-test-set": 0.05653768912984033, "exec-time": 0.0026617969997460023}