{"mse-test-set": 23.72995902630832, "mae-test-set": 0.05684843476663477, "exec-time": 3.1945512870006496}