{"mse-test-set": 14.029066801446438, "mae-test-set": 0.05509319069635294, "exec-time": 1.075243708997732}