{"mse-test-set": 7.37303660863904, "mae-test-set": 0.03787461312745539, "exec-time": 0.5489745830127504}