{"mse-test-set": 3.110488850212642, "mae-test-set": 0.02821348526465421, "exec-time": 1.8962899739999557}