{"execution-time": 3013.0057371889707, "best-training-loss": 0.45530641575654346, "executed-for-epochs": 1000, "test-loss": 0.693957507610321, "validation-loss": 0.693957507610321}