{"execution-time": 6325.915363534004, "best-training-loss": 1.1499983986218771, "executed-for-epochs": 1000, "test-loss": 4.297826290130615, "validation-loss": 4.297826290130615}