{"mse-test-set": 14.75457755996859, "mae-test-set": 0.04265963061771598, "exec-time": 1.0601639410015196}