{"mse-test-set": 29.27627677160277, "mae-test-set": 0.047318384594790375, "exec-time": 0.6905706590041518}