{"mse-test-set": 17.075026171272853, "mae-test-set": 0.07550254719482641, "exec-time": 0.0027424419968156144}