{"mse-test-set": 9.244584619874848, "mae-test-set": 0.05466984939698681, "exec-time": 1.019989631997305}