{"execution-time": 8317.586800485034, "best-training-loss": 0.6547720710436503, "executed-for-epochs": 1000, "test-loss": 1.167194128036499, "validation-loss": 1.167194128036499}