{"mse-test-set": 2.143554185840996, "mae-test-set": 0.03686786639334492, "exec-time": 0.001068744997610338}