{"execution-time": 8994.309724520077, "best-training-loss": 1.4974259614944458, "executed-for-epochs": 1000, "test-loss": 8.246240615844727, "validation-loss": 8.246240615844727}