{"mse-test-set": 32.22451756061805, "mae-test-set": 0.052040159689855744, "exec-time": 0.003195468001649715}