{"execution-time": 4694.112947136047, "best-training-loss": 0.6798187990983328, "executed-for-epochs": 1000, "test-loss": 1.6679508686065674, "validation-loss": 1.6679508686065674}