{"mse-test-set": 18.270911809774066, "mae-test-set": 0.04461256430937293, "exec-time": 3.163367550994735}