{"mse-test-set": 64.99124672790548, "mae-test-set": 0.05245678581237958, "exec-time": 0.0028433520055841655}