{"execution-time": 5974.485077208024, "best-training-loss": 0.4181924521923065, "executed-for-epochs": 1000, "test-loss": 1.128086805343628, "validation-loss": 1.128086805343628}