{"mse-test-set": 73.19419382953606, "mae-test-set": 0.049356949711941794, "exec-time": 1.3488744350033812}