{"mse-test-set": 11.571157027719662, "mae-test-set": 0.04707978915859342, "exec-time": 0.0026551449991529807}