{"mse-test-set": 2.2724871429879534, "mae-test-set": 0.03431364266833484, "exec-time": 0.0016430590039817616}