{"execution-time": 6259.73578078195, "best-training-loss": 0.8076191306114197, "executed-for-epochs": 1000, "test-loss": 4.431429862976074, "validation-loss": 4.431429862976074}