{"mse-test-set": 31.986298684415086, "mae-test-set": 0.05269854160818895, "exec-time": 2.1411914130003424}