{"mse-test-set": 21.670516321219633, "mae-test-set": 0.05503686558912792, "exec-time": 3.2326270610064967}