{"mse-test-set": 28.416645074311774, "mae-test-set": 0.06586422830932474, "exec-time": 0.002811459999065846}