{"mse-test-set": 10.797052639790403, "mae-test-set": 0.031450199340339546, "exec-time": 0.5549465750082163}