{"mse-test-set": 4.0434928834449115, "mae-test-set": 0.05901492181785327, "exec-time": 1.267356305004796}