{"mse-test-set": 3.138900510604566, "mae-test-set": 0.03340887316437388, "exec-time": 0.9407407430117019}