{"mse-test-set": 11.825213506201676, "mae-test-set": 0.04485398086478354, "exec-time": 0.8439578990073642}