{"execution-time": 11177.82596726995, "best-training-loss": 0.9988279223442078, "executed-for-epochs": 1000, "test-loss": 3.7540900707244873, "validation-loss": 3.7540900707244873}