{"mse-test-set": 3.458950766427673, "mae-test-set": 0.04560500055273825, "exec-time": 1.0190506630024174}