{"mse-test-set": 46.97687466826508, "mae-test-set": 0.053763515294820124, "exec-time": 0.5299981279968051}