{"mse-test-set": 3.690365585702998, "mae-test-set": 0.04113773002435457, "exec-time": 3.166346572994371}