{"mse-test-set": 49.615094114330816, "mae-test-set": 0.04777965071445206, "exec-time": 0.7367585309984861}