{"execution-time": 7786.686798222945, "best-training-loss": 1.2269877672195435, "executed-for-epochs": 1000, "test-loss": 4.467360019683838, "validation-loss": 4.467360019683838}