{"execution-time": 6298.668709811056, "best-training-loss": 1.0182924707730612, "executed-for-epochs": 1000, "test-loss": 6.9208760261535645, "validation-loss": 6.9208760261535645}