{"execution-time": 6345.410259400029, "best-training-loss": 0.8677279353141785, "executed-for-epochs": 1000, "test-loss": 4.912578582763672, "validation-loss": 4.912578582763672}