{"mse-test-set": 9.390336613692728, "mae-test-set": 0.05541193332049166, "exec-time": 0.8563116459990852}