{"mse-test-set": 7.6819781392723945, "mae-test-set": 0.0448868531779806, "exec-time": 0.5269198280002456}