{"mse-test-set": 7.3617679620878285, "mae-test-set": 0.038304069628341784, "exec-time": 0.002817207991029136}