{"mse-test-set": 98.44937395953744, "mae-test-set": 0.09021001868983089, "exec-time": 0.0027805019926745445}