{"mse-test-set": 24.640565827490956, "mae-test-set": 0.060517896847355604, "exec-time": 0.0032999110117089003}