{"mse-test-set": 5.36330721111759, "mae-test-set": 0.04698501754689768, "exec-time": 1.9917798929964192}