{"mse-test-set": 24.867164164530987, "mae-test-set": 0.05391029071515946, "exec-time": 0.002985756000271067}