{"mse-test-set": 18.812966010584933, "mae-test-set": 0.05120139317586863, "exec-time": 0.0028909589891554788}