{"mse-test-set": 16.322810667207627, "mae-test-set": 0.05431313343369164, "exec-time": 0.7176556850026827}