{"execution-time": 7419.694204500993, "best-training-loss": 0.8033255775769551, "executed-for-epochs": 1000, "test-loss": 1.8336124420166016, "validation-loss": 1.8336124420166016}