{"mse-test-set": 5.409829054836946, "mae-test-set": 0.032078750544447365, "exec-time": 0.0011427150020608678}