{"mse-test-set": 60.81219248833252, "mae-test-set": 0.05751523839444135, "exec-time": 3.085537046994432}