{"mse-test-set": 7.807481003678864, "mae-test-set": 0.04435366841087695, "exec-time": 0.0033437079982832074}