{"execution-time": 5197.476197586977, "best-training-loss": 0.5423515597979228, "executed-for-epochs": 1000, "test-loss": 2.297462224960327, "validation-loss": 2.297462224960327}