{"mse-test-set": 29.005677798724317, "mae-test-set": 0.05339022567704289, "exec-time": 0.002656116004800424}