{"mse-test-set": 6.765505713800913, "mae-test-set": 0.0527584087004487, "exec-time": 3.1716571260039927}