{"mse-test-set": 5.0207738424859745, "mae-test-set": 0.03515542710595049, "exec-time": 0.9288827139971545}