{"mse-test-set": 59.32859007585369, "mae-test-set": 0.040660408679603674, "exec-time": 0.8180091660033213}