{"mse-test-set": 10.123331927997443, "mae-test-set": 0.05429556841345903, "exec-time": 0.0027846529992530122}