{"execution-time": 11085.936825226061, "best-training-loss": 0.7762040535608927, "executed-for-epochs": 1000, "test-loss": 3.1761529445648193, "validation-loss": 3.1761529445648193}