{"execution-time": 7850.186741200043, "best-training-loss": 1.433943470319112, "executed-for-epochs": 1000, "test-loss": 7.357540130615234, "validation-loss": 7.357540130615234}