{"mse-test-set": 30.3352891299607, "mae-test-set": 0.05072832654393389, "exec-time": 0.8647704089962645}