{"mse-test-set": 23.685881147062638, "mae-test-set": 0.05740998138729671, "exec-time": 0.8402511640015291}