{"mse-test-set": 26.001662525367973, "mae-test-set": 0.059274995696225415, "exec-time": 3.166233039999497}