{"mse-test-set": 33.78616663278986, "mae-test-set": 0.04753351929799298, "exec-time": 0.5300891090009827}