{"mse-test-set": 8.351665523671773, "mae-test-set": 0.042665091348734314, "exec-time": 0.7052442630083533}