{"mse-test-set": 2.505765404930295, "mae-test-set": 0.05551799554870824, "exec-time": 1.2480178349942435}