{"mse-test-set": 16.205082946057452, "mae-test-set": 0.0583884344616869, "exec-time": 3.225861842991435}