{"mse-test-set": 32.54783971573198, "mae-test-set": 0.05895799123743432, "exec-time": 3.1413650269969366}