{"mse-test-set": 14.306867212350793, "mae-test-set": 0.07088705169935693, "exec-time": 0.0027339980006217957}