{"execution-time": 6039.648273273022, "best-training-loss": 0.6212590932846069, "executed-for-epochs": 1000, "test-loss": 2.4298322200775146, "validation-loss": 2.4298322200775146}