{"mse-test-set": 22.59518814996898, "mae-test-set": 0.04725893779507943, "exec-time": 1.105045845004497}