{"mse-test-set": 19.664884917190008, "mae-test-set": 0.07366959232182684, "exec-time": 0.00267810100922361}