{"mse-test-set": 36.18619625407146, "mae-test-set": 0.09384826785566414, "exec-time": 3.1344830120069673}