{"mse-test-set": 15.288671243603085, "mae-test-set": 0.04457746110994945, "exec-time": 3.208646652987227}