{"mse-test-set": 10.215545511865086, "mae-test-set": 0.05438054212539139, "exec-time": 0.002751106003415771}