{"mse-test-set": 2.568682128145138, "mae-test-set": 0.049991764705119325, "exec-time": 1.9450561789999483}