{"mse-test-set": 63.78257165678141, "mae-test-set": 0.09516239355906207, "exec-time": 0.003766077003092505}