{"execution-time": 4865.933860847959, "best-training-loss": 1.515756368637085, "executed-for-epochs": 1000, "test-loss": 5.274176597595215, "validation-loss": 5.274176597595215}