{"mse-test-set": 22.54897118172983, "mae-test-set": 0.05644239718362625, "exec-time": 0.0025850590027403086}