{"mse-test-set": 62.43752500962234, "mae-test-set": 0.04078219502777765, "exec-time": 0.8968552110018209}