{"mse-test-set": 84.31138877133306, "mae-test-set": 0.048436981781379375, "exec-time": 0.9481710389954969}