{"mse-test-set": 2.136082675841181, "mae-test-set": 0.03783131488870072, "exec-time": 1.3254449800006114}