{"mse-test-set": 16.66879468649211, "mae-test-set": 0.04424522293274464, "exec-time": 0.9499019140057499}