{"mse-test-set": 15.287159584309059, "mae-test-set": 0.04415668822287214, "exec-time": 0.7340503739978885}