{"execution-time": 7185.481477068039, "best-training-loss": 0.9122932990392049, "executed-for-epochs": 1000, "test-loss": 4.9810309410095215, "validation-loss": 4.9810309410095215}