{"mse-test-set": 44.99505360701052, "mae-test-set": 0.05163265639130192, "exec-time": 0.2773071900010109}