{"mse-test-set": 3.6870378667457797, "mae-test-set": 0.031762157573745224, "exec-time": 1.1084869100013748}