{"mse-test-set": 30.059955212659506, "mae-test-set": 0.0625537064810869, "exec-time": 3.461081594999996}