{"mse-test-set": 26.70015234274682, "mae-test-set": 0.05785119986161812, "exec-time": 3.2124421000044094}