{"execution-time": 8385.101983638015, "best-training-loss": 0.7334189931551616, "executed-for-epochs": 1000, "test-loss": 4.137150287628174, "validation-loss": 4.137150287628174}