{"mse-test-set": 58.987938461778, "mae-test-set": 0.05550301860643764, "exec-time": 3.1461192819988355}