{"mse-test-set": 35.24892704212441, "mae-test-set": 0.05915864477765892, "exec-time": 0.9726821319927694}