{"mse-test-set": 5.849434338513719, "mae-test-set": 0.049243208604127044, "exec-time": 1.5119837459933478}