{"execution-time": 8968.086422346998, "best-training-loss": 1.5847014904022216, "executed-for-epochs": 1000, "test-loss": 6.786889553070068, "validation-loss": 6.786889553070068}