{"execution-time": 9042.294205905986, "best-training-loss": 1.5096243858337401, "executed-for-epochs": 1000, "test-loss": 9.84946346282959, "validation-loss": 9.84946346282959}