{"mse-test-set": 4.321505853708635, "mae-test-set": 0.047623172231478904, "exec-time": 1.3742372010019608}