{"mse-test-set": 84.51977328976014, "mae-test-set": 0.06460090007017993, "exec-time": 3.2120423769956687}