{"execution-time": 3781.768588688923, "best-training-loss": 0.7454769213994344, "executed-for-epochs": 1000, "test-loss": 1.815358281135559, "validation-loss": 1.815358281135559}