{"mse-test-set": 26.41100795119173, "mae-test-set": 0.06626168340174578, "exec-time": 0.899395882996032}