{"mse-test-set": 3.3507226638375465, "mae-test-set": 0.0310691228006798, "exec-time": 0.001546295010484755}