{"execution-time": 6813.878761120024, "best-training-loss": 0.7711788747045729, "executed-for-epochs": 1000, "test-loss": 1.5849148035049438, "validation-loss": 1.5849148035049438}