{"mse-test-set": 34.217536624962726, "mae-test-set": 0.08477531505185282, "exec-time": 3.174689496998326}