{"mse-test-set": 15.0326441327029, "mae-test-set": 0.04224039033160337, "exec-time": 0.0035923340037697926}