{"mse-test-set": 7.3908197791838415, "mae-test-set": 0.03989207063774357, "exec-time": 0.5288372100039851}