{"mse-test-set": 8.41239466773586, "mae-test-set": 0.056667963763213376, "exec-time": 0.0028891080000903457}