{"execution-time": 1765.7022681210656, "best-training-loss": 0.861380010843277, "executed-for-epochs": 1000, "test-loss": 4.148286819458008, "validation-loss": 4.148286819458008}