{"mse-test-set": 30.83634765964757, "mae-test-set": 0.04653442722322488, "exec-time": 1.1848538170015672}