{"mse-test-set": 11.867678539725958, "mae-test-set": 0.02929434363599832, "exec-time": 0.002400311001110822}