{"mse-test-set": 27.42930727585459, "mae-test-set": 0.07774053445987046, "exec-time": 0.0027624289941741154}