{"mse-test-set": 9.922364360847201, "mae-test-set": 0.05220824173096756, "exec-time": 0.002930261005531065}