{"mse-test-set": 37.794900147419845, "mae-test-set": 0.05393643742654611, "exec-time": 0.0034463880001567304}