{"execution-time": 11086.811360726017, "best-training-loss": 0.9485617915789286, "executed-for-epochs": 1000, "test-loss": 3.4764046669006348, "validation-loss": 3.4764046669006348}