{"mse-test-set": 12.954898843075135, "mae-test-set": 0.032265187350774854, "exec-time": 2.165987922999193}