{"mse-test-set": 49.55843565868534, "mae-test-set": 0.056962430802456505, "exec-time": 0.002718489005928859}