{"mse-test-set": 29.00063088790569, "mae-test-set": 0.03960254944483727, "exec-time": 1.1600218980020145}