{"mse-test-set": 51.281078921060264, "mae-test-set": 0.05201539007409436, "exec-time": 0.9113495030032936}