{"execution-time": 9105.872632321902, "best-training-loss": 1.7457348823547363, "executed-for-epochs": 1000, "test-loss": 13.851914405822754, "validation-loss": 13.851914405822754}