{"mse-test-set": 28.114193655058383, "mae-test-set": 0.06163372159935838, "exec-time": 0.0026479929947527125}