{"mse-test-set": 16.727555080184775, "mae-test-set": 0.058083815780811746, "exec-time": 3.1221627360064304}