{"execution-time": 11385.161076088087, "best-training-loss": 0.9420446713765462, "executed-for-epochs": 1000, "test-loss": 3.6126866340637207, "validation-loss": 3.6126866340637207}