{"mse-test-set": 2.7513325919087306, "mae-test-set": 0.026549701715983035, "exec-time": 0.0013575290067819878}