{"execution-time": 6251.045135588036, "best-training-loss": 0.7899380445480346, "executed-for-epochs": 1000, "test-loss": 1.8471614122390747, "validation-loss": 1.8471614122390747}