{"mse-test-set": 22.387495377300073, "mae-test-set": 0.03910329879099599, "exec-time": 3.250243189992034}