{"mse-test-set": 36.93368423338291, "mae-test-set": 0.09748491802211205, "exec-time": 3.201213407010073}