{"mse-test-set": 22.089125846294984, "mae-test-set": 0.031619493450680096, "exec-time": 1.357855505993939}