{"mse-test-set": 10.026105155738213, "mae-test-set": 0.05126746507717897, "exec-time": 0.6374463870015461}