{"mse-test-set": 11.8943916831191, "mae-test-set": 0.06502768709642961, "exec-time": 3.175808115003747}