{"mse-test-set": 23.9475640540455, "mae-test-set": 0.05499668438639847, "exec-time": 1.033778993994929}