{"mse-test-set": 2.9779242837201774, "mae-test-set": 0.03789576148266155, "exec-time": 0.00324827000440564}