{"mse-test-set": 16.111875149166238, "mae-test-set": 0.05711548221477653, "exec-time": 3.5492178869899362}