{"mse-test-set": 10.960829021379828, "mae-test-set": 0.07121547621430592, "exec-time": 0.932986615007394}