{"execution-time": 11248.878499725019, "best-training-loss": 1.1707224289576212, "executed-for-epochs": 1000, "test-loss": 4.7971577644348145, "validation-loss": 4.7971577644348145}