{"mse-test-set": 8.555559368546067, "mae-test-set": 0.05300901362947319, "exec-time": 0.7183650530059822}