{"mse-test-set": 41.90286493376769, "mae-test-set": 0.035293430154819457, "exec-time": 0.0024692889855941758}