{"mse-test-set": 9.652335095568443, "mae-test-set": 0.04643185347237882, "exec-time": 0.5080823379976209}