{"mse-test-set": 3.5027447401851846, "mae-test-set": 0.03288929652666077, "exec-time": 0.0011644299956969917}