{"mse-test-set": 55.71378738334018, "mae-test-set": 0.07968859451844906, "exec-time": 0.002814819003106095}