{"mse-test-set": 30.191751527243266, "mae-test-set": 0.05644253847557724, "exec-time": 0.002695862000109628}