{"mse-test-set": 3.053269191079601, "mae-test-set": 0.026988874056601664, "exec-time": 1.8464428309962386}