{"mse-test-set": 2.033835526264605, "mae-test-set": 0.030889935304859086, "exec-time": 1.9042852770071477}