{"mse-test-set": 40.646934150750965, "mae-test-set": 0.08779241389718241, "exec-time": 0.0026860650104936212}