{"mse-test-set": 8.771754901916065, "mae-test-set": 0.04870287886687146, "exec-time": 0.554330201994162}