{"execution-time": 7563.06375078205, "best-training-loss": 0.3918304363886515, "executed-for-epochs": 1000, "test-loss": 0.7127894163131714, "validation-loss": 0.7127894163131714}