{"execution-time": 11916.157664384926, "best-training-loss": 1.5711287577946982, "executed-for-epochs": 1000, "test-loss": 10.913025856018066, "validation-loss": 10.913025856018066}