{"mse-test-set": 50.608970353326455, "mae-test-set": 0.03429796741638781, "exec-time": 0.002328353002667427}