{"mse-test-set": 3.058833247981974, "mae-test-set": 0.027431724059274083, "exec-time": 1.8884000039979583}