{"mse-test-set": 5.567232513779813, "mae-test-set": 0.03232962424317612, "exec-time": 0.8129800339957001}