{"mse-test-set": 4.880805229084314, "mae-test-set": 0.034798640838035216, "exec-time": 1.4960059839941096}