{"mse-test-set": 19.537361060088486, "mae-test-set": 0.08241537419872146, "exec-time": 3.216296322993003}