{"mse-test-set": 30.701788458503195, "mae-test-set": 0.08191908710959078, "exec-time": 0.9231115820002742}