{"mse-test-set": 5.846576177656032, "mae-test-set": 0.033598397605290965, "exec-time": 0.8979871150077088}