{"mse-test-set": 8.9746919808087, "mae-test-set": 0.04306019276561428, "exec-time": 0.0026980700058629736}