{"execution-time": 8809.668712890008, "best-training-loss": 1.2123257319132488, "executed-for-epochs": 1000, "test-loss": 6.8160176277160645, "validation-loss": 6.8160176277160645}