{"mse-test-set": 12.415322033693872, "mae-test-set": 0.04570789392424885, "exec-time": 1.1343315849953797}