{"mse-test-set": 19.08066339744067, "mae-test-set": 0.06443328905750124, "exec-time": 3.3486225320084486}