{"mse-test-set": 27.779639714677156, "mae-test-set": 0.07935454250162903, "exec-time": 3.196345244999975}