{"mse-test-set": 71.91002390716466, "mae-test-set": 0.04528071218404675, "exec-time": 0.0027559230074984953}