{"mse-test-set": 10.459735868923136, "mae-test-set": 0.060381439949777835, "exec-time": 0.5433925940014888}