{"mse-test-set": 3.0411432372777316, "mae-test-set": 0.026953099319850474, "exec-time": 0.0018792030023178086}