{"mse-test-set": 17.92070981420891, "mae-test-set": 0.05392399329270117, "exec-time": 3.730420879990561}