{"mse-test-set": 40.389955588947835, "mae-test-set": 0.029589663836685723, "exec-time": 0.0024207340029533952}