{"mse-test-set": 3.18506051057582, "mae-test-set": 0.028845666268361478, "exec-time": 1.128896802008967}