{"mse-test-set": 8.660151722839142, "mae-test-set": 0.05659456073282145, "exec-time": 0.0027906890027225018}