{"mse-test-set": 2.5211411843184077, "mae-test-set": 0.03543572204335327, "exec-time": 1.4176123100041877}