{"execution-time": 11544.91723676608, "best-training-loss": 1.1543112595876057, "executed-for-epochs": 1000, "test-loss": 3.1147854328155518, "validation-loss": 3.1147854328155518}