{"mse-test-set": 7.6148626806391775, "mae-test-set": 0.042686606592408735, "exec-time": 0.002734381996560842}