{"execution-time": 9792.027923258953, "best-training-loss": 1.6854611396789552, "executed-for-epochs": 1000, "test-loss": 15.932565689086914, "validation-loss": 15.932565689086914}