{"mse-test-set": 70.94499805012896, "mae-test-set": 0.051143727429298846, "exec-time": 3.184487051999895}