{"mse-test-set": 68.65477528266877, "mae-test-set": 0.048510400889640364, "exec-time": 0.0027750260051107034}