{"execution-time": 9125.068400201038, "best-training-loss": 1.9014321645100911, "executed-for-epochs": 1000, "test-loss": 14.321345329284668, "validation-loss": 14.321345329284668}