{"mse-test-set": 12.593846926502785, "mae-test-set": 0.051046127755561686, "exec-time": 0.0028725640004267916}