{"mse-test-set": 19.59938097427455, "mae-test-set": 0.05624005596630514, "exec-time": 3.3687494470068486}