{"execution-time": 5148.544942416949, "best-training-loss": 0.883546773592631, "executed-for-epochs": 1000, "test-loss": 2.5821356773376465, "validation-loss": 2.5821356773376465}